,rtrating,numofreviews,link,movietitle,year,AspectRatio,BoxOffice(GrossUSA),Director,Distributor,Genre,OriginalLanguage,Producer,Rating,ReleaseDate(Streaming),Runtime,SoundMix,Writer,MovieRuntime,ReleaseDate(Theater),ReleaseType,streamingornot,releasetype
0,98 ,464,/m/parasite_2019,Parasite Gisaengchung,2019,Scope(2.35:1),53400000.0,Bong Joon-ho,Neon,Mystery&thriller,Korean,"Kwak Sin-ae, Moon Yanggwon",R,"Oct11,2019",2h12m,"Dolby Atmos, Dolby Digital","Bong Joon-ho, Han Jinwon",132.0,"Nov1,2019 ",wide,1,1
1,94 ,547,/m/avengers_endgame,Avengers: Endgame,2019,Scope(2.35:1),858400000.0,"Anthony Russo, Joe Russo",Walt Disney,Sci-fi,English,Kevin Feige,PG-13,"Jul30,2019",3h1m,"Dolby Atmos, D T S, Dolby Digital, S D D S","Christopher Markus, Stephen Mc Feely",181.0,"Apr26,2019 ",wide,1,1
2,97 ,467,/m/knives_out,Knives Out,2019,Flat(1.85:1),165400000.0,Rian Johnson,Lionsgate Films,Mystery&thriller,English,"Rian Johnson, Ram Bergman, Jonathan Golfman, Brye Adler",PG-13,"Jun12,2020",2h10m,Dolby,Rian Johnson,130.0,"Nov27,2019 ",wide,1,1
3,93 ,553,/m/us_2019,Us,2019,Scope(2.35:1),175000000.0,Jordan Peele,Universal Pictures,Mystery&thriller,English,"Jordan Peele, Sean Mc Kittrick, Jason Blum, Ian Cooper",R,"Jun4,2019",1h56m,"Dolby Atmos, D T S",Jordan Peele,116.0,"Mar22,2019 ",wide,1,1
4,97 ,453,/m/toy_story_4,Toy Story 4,2019,Scope(2.35:1),434000000.0,Josh Cooley,Walt Disney,Kids&family,English,"Mark Nielsen, Jonas Rivera, Galyn Susman",G,"Oct1,2019",1h40m,"D T S, Dolby Digital, Dolby Atmos","Andrew Stanton, Stephany Folsom",100.0,"Jun21,2019 ",wide,1,1
5,95 ,455,/m/the_irishman,The Irishman,2019,Flat(1.85:1),,Martin Scorsese,Netflix,Crime,English,"Martin Scorsese, Robert De Niro, Jane Rosenthal, Gastón Pavlovich, Randall Emmett, Emma Tillinger Koskoff, Gerald Chamales, Irwin Winkler, Troy Allen",R,"Nov27,2019",3h29m,Dolby Atmos,Steven Zaillian,209.0,"Nov1,2019 ",limited,1,0
6,95 ,425,/m/little_women_2019,Little Women,2019,Flat(1.85:1),108100000.0,Greta Gerwig,Sony Pictures Entertainment,Drama,English,"Denise Di Novi, Amy Pascal, Robin Swicord",PG,"Dec25,2019",2h15m,Dolby Atmos,Greta Gerwig,135.0,"Dec25,2019 ",wide,1,1
7,96 ,377,/m/booksmart,Booksmart,2019,Scope(2.35:1),22700000.0,Olivia Wilde,Annapurna Pictures,Comedy,English,"Megan Ellison, Jessica Elbaum, Katie Silberman, Chelsea Barnard, David Distenfeld",R,"Aug20,2019",1h42m,,"Katie Silberman, Emily Halpern, Sarah Haskins, Susanna Fogel",102.0,"May24,2019 ",wide,1,1
8,97 ,345,/m/the_farewell_2019,The Farewell,2019,Scope(2.35:1),17700000.0,Lulu Wang,A24,Comedy,English,"Chris Weitz, Andrew Miano, Peter Saraf, Marc Turtletaub, Anita Gou, Daniele Tate Melia, Jane Zheng, Dani Melia",PG,"Aug27,2019",1h40m,,Lulu Wang,100.0,"Aug2,2019 ",wide,1,1
9,95 ,372,/m/a_beautiful_day_in_the_neighborhood,A Beautiful Day in the Neighborhood,2019,Flat(1.85:1),61700000.0,Marielle Heller,Tri Star Pictures,Biography,English,"Youree Henley, Peter Saraf, Marc Turtletaub, Leah Holzer",PG,"Nov22,2019",1h47m,,"Noah Harpster, Micah Fitzerman- Blue, Tom Junod",107.0,"Nov22,2019 ",wide,1,1
10,94 ,392,/m/marriage_story_2019,Marriage Story,2019,,,Noah Baumbach,Netflix,Comedy,English,"Noah Baumbach, David Heyman",R,"Dec6,2019",2h16m,,Noah Baumbach,136.0,"Nov6,2019 ",limited,1,0
11,95 ,363,/m/if_beale_street_could_talk,If Beale Street Could Talk,2019,,14900000.0,Barry Jenkins,Annapurna Pictures,Crime,English,"Adele Romanski, Sara Murphy, Barry Jenkins, Dede Gardner, Jeremy Kleiner",R,"Mar12,2019",1h59m,,Barry Jenkins,119.0,"Jan11,2019 ",wide,1,1
12,85 ,571,/m/once_upon_a_time_in_hollywood,Once Upon a Time In Hollywood,2019,Scope(2.35:1),142400000.0,Quentin Tarantino,Columbia Pictures,Comedy,English,"David Heyman, Shannon Mc Intosh, Quentin Tarantino",R,"Aug27,2019",2h39m,Dolby Digital,Quentin Tarantino,159.0,"Jul26,2019 ",wide,1,1
13,90 ,452,/m/spider_man_far_from_home,Spider-Man: Far From Home,2019,Scope(2.35:1),390700000.0,Jon Watts,Sony Pictures Entertainment,Comedy,English,"Kevin Feige, Amy Pascal",PG-13,"Aug27,2019",2h9m,"Dolby Digital, Dolby Atmos","Chris Mc Kenna, Erik Sommers",129.0,"Jul2,2019 ",wide,1,1
14,96 ,299,/m/pain_and_glory,Pain and Glory Dolor y gloria,2019,Flat(1.85:1),4600000.0,Pedro Almodóvar,Sony Pictures Classics,Drama,Spanish(Spain),"Agustín Almodóvar, Esther García",R,"Nov8,2019",1h53m,"S D D S, Dolby Digital, D T S",Pedro Almodóvar,113.0,"Oct4,2019 ",limited,1,0
15,90 ,413,/m/shazam,Shazam!,2019,Scope(2.35:1),140400000.0,David F. Sandberg,Warner Bros. Pictures,Comedy,English,Peter Safran,PG-13,"Jul2,2019",2h12m,Dolby Atmos,Henry Gayden,132.0,"Apr5,2019 ",wide,1,1
16,92 ,355,/m/ford_v_ferrari,Ford v Ferrari,2019,Scope(2.35:1),117600000.0,James Mangold,20th Century Fox,Biography,English,"Peter Chernin, Jenno Topping, James Mangold",PG-13,"Nov15,2019",2h32m,Dolby Atmos,"Jez Butterworth, John- Henry Butterworth, Jason Keller",152.0,"Nov15,2019 ",wide,1,1
17,97 ,233,/m/dolemite_is_my_name,Dolemite Is My Name,2019,,,Craig Brewer,Netflix,Comedy,English,"John Davis, John Fox",R,"Oct25,2019",1h58m,,"Scott Alexander, Larry Karaszewski",118.0,"Oct4,2019 ",limited,1,0
18,92 ,342,/m/uncut_gems,Uncut Gems,2019,Scope(2.35:1),50000000.0,"Ben Safdie, Joshua Safdie",A24,Mystery&thriller,English,"Sebastian Bear- Mc Clard, Oscar Boyson",R,"Dec13,2019",2h15m,"Dolby Atmos, Dolby Digital",,135.0,"Dec25,2019 ",wide,1,1
19,99 ,186,/m/apollo_11_2019,Apollo 11,2019,,9000000.0,Todd Douglas Miller,C N N Films,Documentary,English,"Todd Douglas Miller, Thomas Petersen, Evan Krauss",G,"May14,2019",1h33m,Dolby Digital,,93.0,"Mar8,2019 ",wide,1,1
20,90 ,382,/m/the_lighthouse_2019,The Lighthouse,2019,,10900000.0,Robert Eggers,A24,Mystery&thriller,English,"Jay Van Hoy, Lourenço Sant' Anna, Youree Henley, Rodrigo Teixeira",R,"Oct18,2019",1h50m,,"Robert Eggers, Max Eggers",110.0,"Oct25,2019 ",wide,1,1
21,89 ,392,/m/rocketman_2019,Rocketman,2019,Scope(2.35:1),96300000.0,Dexter Fletcher,Paramount Pictures,Biography,English,"Matthew Vaughn, David Furnish, Adam Bohling, David Reid",R,"Aug6,2019",2h1m,,Lee Hall,121.0,"May31,2019 ",wide,1,1
22,99 ,160,/m/amazing_grace_2018,Amazing Grace,2019,,4500000.0,Alan Elliott,,Documentary,English,"Joe Boyd, Alan Elliott, Aretha Franklin, Rob Johnson, Chiemi Karasawa, Sabrina V. Owens, Jerry Wexler, Tirrell D. Whittley, Joseph Woolf",G,"Aug6,2019",1h27m,,,87.0,"Nov23,2018 ",limited,1,0
23,99 ,156,/m/they_shall_not_grow_old,They Shall Not Grow Old,2019,,18000000.0,Peter Jackson,Warner Bros. Pictures,Documentary,English(UnitedKingdom),"Peter Jackson, Clare Olssen",R,"Mar12,2019",1h39m,"Dolby Atmos, Dolby Digital","Peter Jackson, Clare Olssen",99.0,"Feb1,2019 ",wide,1,1
24,99 ,154,/m/ash_is_purest_white,Ash Is Purest White,2019,Flat(1.85:1),416000.0,Zhang Ke Jia,Cohen Media Group,Drama,Chinese,Shozo Ichiyama,,"Jul16,2019",2h21m,,Zhang Ke Jia,141.0,"Mar15,2019 ",limited,1,0
25,100 ,131,/m/honeyland,Honeyland,2019,,808500.0,"Ljubo Stefanov, Tamara Kotevska",Neon,Documentary,Turkish,"Ljubo Stefanov, Atanas Georgiev",,"Oct22,2019",1h25m,,,85.0,"Jul26,2019 ",limited,1,0
26,95 ,237,/m/honey_boy,Honey Boy,2019,Scope(2.35:1),3000000.0,Alma Har'el,Amazon Studios,Drama,English,"Brian Kavanaugh- Jones, Daniela Taplin Lundberg, Anita Gou, Chris Leggett, Alma Har'el",R,"Feb5,2020",1h33m,Dolby Atmos,Shia La Beouf,93.0,"Nov8,2019 ",limited,1,0
27,89 ,353,/m/john_wick_chapter_3_parabellum,John Wick: Chapter 3 - Parabellum,2019,Scope(2.35:1),171000000.0,Chad Stahelski,Summit Entertainment,Mystery&thriller,English,"Basil Iwanyk, Erica Lee",R,"Aug23,2019",2h11m,,"Derek Kolstad, Shay Hatten, Chris Collins, Marc Abrams",131.0,"May17,2019 ",wide,1,1
28,95 ,220,/m/the_peanut_butter_falcon,The Peanut Butter Falcon,2019,Scope(2.35:1),20500000.0,"Tyler Nilson, Michael Schwartz",Roadside Attractions,Comedy,English,"Tim Zajaros, Christopher Lemole, Albert Berger, Ron Yerxa",PG-13,"Aug27,2019",1h36m,,"Tyler Nilson, Michael Schwartz",96.0,"Aug23,2019 ",wide,1,1
29,100 ,94,/m/one_cut_of_the_dead,One Cut of the Dead Kamera o tomeru na!,2019,,52400.0,Shinichiro Ueda,Shudder,Comedy,Japanese,Koji Ichihashi,,"Dec8,2019",1h36m,,Shinichiro Ueda,96.0,"Sep13,2019 ",limited,1,0
30,93 ,242,/m/fighting_with_my_family,Fighting with My Family,2019,Scope(2.35:1),23000000.0,Stephen Merchant,Metro- Goldwyn- Mayer,Drama,English,"Kevin Misher, Dwayne Johnson, Dany Garcia, Stephen Merchant, Michael J. Luisi",PG-13,"May14,2019",1h47m,,Stephen Merchant,107.0,"Feb22,2019 ",wide,1,1
31,79 ,543,/m/captain_marvel,Captain Marvel,2019,Scope(2.35:1),426800000.0,"Anna Boden, Ryan Fleck",Walt Disney,Sci-fi,English,Kevin Feige,PG-13,"May28,2019",2h4m,"D T S, Dolby Atmos, Dolby Digital","Anna Boden, Ryan Fleck, Geneva Robertson- Dworet, Jac Schaeffer",124.0,"Mar8,2019 ",wide,1,1
32,99 ,104,/m/knock_down_the_house,Knock Down the House,2019,,,Rachel Lears,Netflix,Documentary,English,"Rachel Lears, Robin Blotnick, Sarah Olson",PG,"May1,2019",1h26m,,"Rachel Lears, Robin Blotnick",86.0,"May1,2019 ",limited,1,0
33,96 ,168,/m/birds_of_passage_2019,Birds of Passage Pájaros de verano,2019,Scope(2.35:1),507300.0,"Cristina Gallego, Ciro Guerra",The Orchard,Crime,Spanish,"Cristina Gallego, Katrin Pors",,"May7,2019",2h5m,"Dolby Atmos, S D D S, Dolby Digital","Maria Camila Arias, Jacques Toulemonde Vidal",125.0,"Feb13,2019 ",limited,1,0
34,98 ,118,/m/maiden,Maiden,2019,,3200000.0,Alex Holmes,Sony Pictures Classics,Documentary,English,"Alex Holmes, Victoria Gregory",PG,"Oct1,2019",1h33m,,,93.0,"Jun28,2019 ",limited,1,0
35,87 ,355,/m/hustlers_2019,Hustlers,2019,Scope(2.35:1),105000000.0,Lorene Scafaria,S T X Films,Comedy,English,"Jessica Elbaum, Elaine Goldsmith- Thomas, Jennifer Lopez, Benny Medina, Will Ferrell, Adam Mc Kay",R,"Sep13,2019",1h50m,,"Lorene Scafaria, Jessica Pressler",110.0,"Sep13,2019 ",wide,1,1
36,98 ,101,/m/for_sama,For Sama,2019,,9300.0,"Edward Watts, Waad Al- Khateab",P B S,Documentary,Arabic,Waad Al- Khateab,,"Jan16,2020",1h35m,,,95.0,"Jul26,2019 ",limited,1,0
37,98 ,101,/m/one_child_nation,One Child Nation,2019,Flat(1.85:1),151700.0,"Nanfu Wang, Jialing Zhang",Amazon Studios,Documentary,English,"Christopher Clements, Julie Goldman, Carolyn Hepburn, Christoph Jörg",R,"Nov8,2019",1h25m,Dolby Digital,,85.0,"Aug9,2019 ",limited,1,0
38,98 ,101,/m/3_faces,3 Faces,2019,Flat(1.85:1),71600.0,Jafar Panahi,Kino Lorber,Drama,Persian,Jafar Panahi,,"Jun14,2019",1h40m,Dolby Digital,"Jafar Panahi, Nader Saeivar",100.0,"Mar8,2019 ",limited,1,0
39,97 ,120,/m/woman_at_war,Woman at War Kona fer í stríð,2019,Scope(2.35:1),844100.0,Benedikt Erlingsson,Magnolia Pictures,Comedy,Icelandic,"Benedikt Erlingsson, Carine Leblanc, Marianne Slot",,"Jun4,2019",1h41m,,"Benedikt Erlingsson,Ólafur Egilsson",101.0,"Mar1,2019 ",limited,1,0
40,90 ,272,/m/how_to_train_your_dragon_the_hidden_world,How to Train Your Dragon: The Hidden World,2019,Scope(2.35:1),160800000.0,Dean De Blois,Universal Pictures,Kids&family,English,"Brad Lewis, Bonnie Arnold",PG,"May21,2019",1h44m,"D T S, Dolby Digital, Dolby Atmos",Dean De Blois,104.0,"Feb22,2019 ",wide,1,1
41,97 ,119,/m/first_love_2019,First Love Hatsukoi,2019,,218300.0,Takashi Miike,Well Go U S A,Comedy,Japanese,"Misako Saka, Jeremy Thomas",,"Oct24,2019",1h48m,,Masa Nakamura,108.0,"Sep27,2019 ",limited,1,0
42,100 ,52,/m/chained_for_life_2018,Chained for Life,2019,,17400.0,Aaron Schimberg,Kino Lorber,Drama,English,"Daniel Patrick Carbone, Vanessa Mc Donnell, Matthew Petock, Jane Schoenbrun, Zachary Shedd",,"Dec10,2019",1h31m,,Aaron Schimberg,91.0,"Sep11,2019 ",limited,1,0
43,100 ,50,/m/white_riot,White Riot,2019,,,Rubika Shah,,Documentary,English(UnitedKingdom),Ed Gibbs,,"Dec3,2020",1h20m,,"Ed Gibbs, Rubika Shah",80.0,,,1,
44,88 ,312,/m/ready_or_not_2019,Ready or Not,2019,Scope(2.35:1),28700000.0,"Matt Bettinelli- Olpin, Tyler Gillett",Fox Searchlight,Mystery&thriller,English,"Tripp Vinson, James Vanderbilt, William Sherak, Bradley J. Fischer",R,"Aug27,2019",1h35m,Dolby Digital,"Guy Busick, Ryan Murphy",95.0,"Aug21,2019 ",wide,1,1
45,97 ,115,/m/tigers_are_not_afraid,Tigers Are Not Afraid Vuelven,2019,,175600.0,Issa López,,Mystery&thriller,Spanish,Marco Polo Constandse,,"Dec3,2019",1h23m,,Issa López,83.0,"Aug23,2019 ",limited,1,0
46,94 ,180,/m/transit_2018,Transit,2019,IMAX(Scope(2.35:1)),815300.0,Christian Petzold,Music Box Films,History,German,"Florian Koernervon Gustorf, Antonin Dedet",,"Jun27,2019",1h41m,,Christian Petzold,101.0,"Mar1,2019 ",limited,1,0
47,99 ,70,/m/the_chambermaid,The Chambermaid La camarista,2019,Scope(2.35:1),15900.0,Lila Avilés,Kino Lorber,Drama,Spanish,"Lila Avilés, Tatiana Graullera",,"Oct18,2019",1h42m,,"Lila Avilés, Juan Carlos Marquéz",102.0,"Jun26,2019 ",limited,1,0
48,100 ,47,/m/midnight_traveler,Midnight Traveler,2019,,38300.0,Hassan Fazili,Oscilloscope Pictures,Documentary,Persian,"Su Kim, Emelie Coleman Mahdavian",,"Nov12,2019",1h27m,,Emelie Coleman Mahdavian,87.0,"Sep18,2019 ",limited,1,0
49,92 ,221,/m/stan_and_ollie,Stan & Ollie,2019,Scope(2.35:1),5500000.0,Jon S. Baird,Sony Pictures Classics,Comedy,English,Faye Ward,PG,"Mar26,2019",1h37m,Dolby Digital,Jeff Pope,97.0,"Jan25,2019 ",wide,1,1
50,95 ,155,/m/atlantics,Atlantics,2019,,,Mati Diop,Netflix,Drama,Wolof,"Rémi Burah, Michel Merkt, Olivier Père, Judith Lou Lévy, Eve Robin",,"Nov29,2019",1h45m,,"Mati Diop, Olivier Demangel",105.0,"Nov15,2019 ",limited,1,0
51,100 ,45,/m/mickey_and_the_bear,Mickey and the Bear,2019,,56900.0,Annabelle Attanasio,Utopia,Drama,English,"Anja Murmann, Sabine Schenk, Lizzie Shapiro, Taylor Shung",R,"Feb14,2020",1h28m,,Annabelle Attanasio,88.0,"Nov13,2019 ",limited,1,0
52,96 ,132,/m/hail_satan,Hail Satan?,2019,,423200.0,Penny Lane,Magnolia Pictures,Documentary,English,Gabriel Sedgwick,R,"Jul23,2019",1h35m,,,95.0,"Apr17,2019 ",limited,1,0
53,98 ,88,/m/deadwood_the_movie,Deadwood: The Movie,2019,,,Daniel Minahan,,Western,English,,,"Nov15,2019",1h49m,,David Milch,109.0,,,1,
54,98 ,88,/m/varda_by_agnes,Varda by Agnès,2019,,,"Agnès Varda, Didier Rouget",Janus Films,Documentary,French(France),,,,1h56m,,"Agnès Varda, Didier Rouget",116.0,"Nov22,2019 ",limited,0,0
55,100 ,44,/m/scream_queen_my_nightmare_on_elm_street,"Scream, Queen! My Nightmare on Elm Street",2019,,,"Roman Chimienti, Tyler Jensen",,Documentary,English,"Roman Chimienti, Mark Patton",,"Mar3,2020",1h39m,,,99.0,"Feb27,2020 ",limited,1,0
56,100 ,41,/m/changing_the_game_2021,Changing the Game,2019,,,Michael Barnett,,Documentary,English,"Clare Tucker, Alex Schmider",,"Jun1,2021",1h28m,,Michael Mahaffie,88.0,,,1,
57,98 ,81,/m/the_heiresses,The Heiresses Las Herederas,2019,Scope(2.35:1),75700.0,Marcelo Martinessi,Distrib Films,Lgbtq+,Spanish,"Marcelo Martinessi, Sebastián Peña Escobar",,"Aug13,2019",1h38m,,Marcelo Martinessi,98.0,"Jan16,2019 ",limited,1,0
58,97 ,101,/m/toni_morrison_the_pieces_i_am,Toni Morrison: The Pieces I Am,2019,,901600.0,Timothy Greenfield- Sanders,Magnolia Pictures,Documentary,English,"Johanna Giebelhaus, Timothy Greenfield- Sanders, Chad Thompson, Tommy Walker",PG-13,"Aug27,2019",1h59m,,,119.0,"Jun21,2019 ",limited,1,0
59,92 ,207,/m/the_last_black_man_in_san_francisco,The Last Black Man in San Francisco,2019,,4500000.0,Joe Talbot,A24,Drama,English,"Dede Gardner, Jeremy Kleiner, Christina Oh, Joe Talbot",R,"Aug13,2019",2h1m,Dolby Digital,"Joe Talbot, Rob Richert",121.0,"Jun7,2019 ",limited,1,0
60,83 ,398,/m/midsommar,Midsommar,2019,,27400000.0,Ari Aster,A24,Mystery&thriller,English,"Patrik Andersson, Lars Knudsen",R,"Sep24,2019",2h25m,Dolby Digital,Ari Aster,145.0,"Aug30,2019 ",wide,1,1
61,95 ,134,/m/the_mustang,The Mustang,2019,,5000000.0,Laurede Clermont- Tonnerre,Focus Features,Drama,English,Alain Goldman,R,"Jun4,2019",1h36m,,"Laurede Clermont- Tonnerre, Mona Fastvold, Brock Norman Brock",96.0,"Mar15,2019 ",limited,1,0
62,83 ,393,/m/ad_astra,Ad Astra,2019,Scope(2.35:1),50200000.0,James Gray,20th Century Fox,Mystery&thriller,English,"Anthony Katagas, Rodrigo Teixeira, Arnon Milchan, James Gray, Jeremy Kleiner, Dede Gardner, Brad Pitt",PG-13,"Sep20,2019",2h4m,"Dolby Atmos, S D D S, D T S, Datasat","James Gray, Ethan Gross",124.0,"Sep20,2019 ",wide,1,1
63,92 ,194,/m/wild_rose_2019,Wild Rose,2019,Scope(2.35:1),1600000.0,Tom Harper,Neon,Comedy,English,Faye Ward,R,"Sep17,2019",1h41m,,Nicole Taylor,101.0,"Jun21,2019 ",limited,1,0
64,98 ,56,/m/63_up,63 Up,2019,,299700.0,Michael Apted,Brit Box,Documentary,English(UnitedKingdom),,,"Mar9,2021",2h18m,,,138.0,"Nov27,2019 ",limited,1,0
65,98 ,55,/m/homecoming_a_film_by_beyonce,Homecoming: A Film by Beyoncé,2019,,,Unknown Director,,,,,,,,,,,,,0,
66,98 ,55,/m/too_late_to_die_young,Too Late to Die Young Tarde para morir joven,2019,,,Dominga Sotomayor,Kim Stim,Drama,Spanish,"Dominga Sotomayor, Rodrigo Teixeira",,"Nov20,2019",1h50m,,Dominga Sotomayor,110.0,"May31,2019 ",limited,1,0
67,91 ,206,/m/gloria_bell,Gloria Bell,2019,Scope(2.35:1),5600000.0,Sebastián Lelio,A24,Comedy,English,"Juande Dios Larraín, Pablo Larraín, Sebastián Lelio",R,"May21,2019",1h42m,,Sebastián Lelio,102.0,"Mar22,2019 ",wide,1,1
68,96 ,96,/m/by_the_grace_of_god_2019,By the Grace of God Grâce à Dieu,2019,Flat(1.85:1),66300.0,François Ozon,Music Box Films,Drama,French(France),"Éric Altmayer, Nicolas Altmayer",,"Feb18,2020",2h17m,,François Ozon,137.0,"Oct18,2019 ",limited,1,0
69,97 ,72,/m/midnight_family,Midnight Family,2019,,40500.0,Luke Lorentzen,1091,Documentary,Spanish,"Kellen Quinn, Daniela Alatorre",,"Mar3,2020",1h21m,,Luke Lorentzen,81.0,"Dec6,2019 ",limited,1,0
70,98 ,50,/m/bunuel_in_the_labyrinth_of_the_turtles,Buñuel in the Labyrinth of the Turtles Buñuel en el laberinto de las tortugas,2019,,30800.0,Salvador Simó,G K I D S,Drama,Spanish(Spain),"Femke Wolting, Bruno Felix, Jose Maria Fernandez De Vega",,"Nov12,2019",1h20m,,"Salvador Simó, Eligio R. Montero",80.0,"Aug16,2019 ",limited,1,0
71,96 ,92,/m/be_natural_the_untold_story_of_alice_guy_blache,Be Natural: The Untold Story of Alice Guy-Blaché,2019,,101100.0,Pamela B. Green,Zeitgeist Films,Documentary,English,Pamela B. Green,,"Jul23,2019",1h43m,,"Pamela B. Green, Joan Simon",103.0,"Mar15,2019 ",limited,1,0
72,98 ,48,/m/working_woman,Working Woman,2019,Scope(2.35:1),64000.0,Michal Aviad,Zeitgeist Films,Drama,Hebrew,"Leon Edery, Moshe Edery, Amir Harel, Ayelet Kait",,"Jun28,2019",1h34m,,"Michal Aviad, Sharon Azulay Eyal, Michal Vinik",94.0,"Mar27,2019 ",limited,1,0
73,96 ,91,/m/american_factory,American Factory,2019,,,"Steven Bognar, Julia Reichert",Netflix,Documentary,English,"Steven Bognar, Julie Parker Benello, Jeff Reichert, Julia Reichert",,"Aug21,2019",1h49m,,,109.0,"Aug21,2019 ",limited,1,0
74,98 ,47,/m/fiddler_a_miracle_of_miracles,Fiddler: A Miracle of Miracles,2019,,547500.0,Max Lewkowicz,Samuel Goldwyn Films,Documentary,English,"Max Lewkowicz, Valerie Thomas",PG-13,"Oct1,2019",1h32m,,"Max Lewkowicz, Valerie Thomas",92.0,"Aug23,2019 ",limited,1,0
75,98 ,45,/m/dirty_god,Dirty God,2019,,,Sacha Polak,,Drama,English(UnitedKingdom),"Isabel Davis, Clea De Koning, Michael Elliott, Frank Klein",,"Nov30,2020",1h44m,,"Sacha Polak, Susie Farrell",104.0,,,1,
76,97 ,66,/m/making_waves_the_art_of_cinematic_sound,Making Waves: The Art of Cinematic Sound,2019,,51600.0,Midge Costin,Matson Films,Documentary,English,"Bobette Buster, Midge Costin, Karen Johnson",,"Feb11,2020",1h34m,,Bobette Buster,94.0,"Oct25,2019 ",limited,1,0
77,98 ,43,/m/im_no_longer_here,I'm No Longer Here Ya no estoy aquí,2019,Scope(2.35:1),,Fernando Frias,,Drama,Spanish,,,"May27,2020",1h52m,,Fernando Frias,112.0,,,1,
78,97 ,63,/m/the_cave_2019,The Cave,2019,,60900.0,Feras Fayyad,,Documentary,Arabic,"Kirstine Barfod, Sigrid Jonsson Dyekjær",PG-13,"Jan14,2020",1h35m,,"Feras Fayyad, Alisar Hasan",95.0,,,1,
79,93 ,150,/m/bad_education_2019,Bad Education,2019,,,Cory Finley,,Comedy,English,"Fred Berger, Brian Kavanaugh- Jones, Julia Lebedev, Mike Makowsky, Oren Moverman, Eddie Vaisman",,"Apr26,2020",1h43m,,Mike Makowsky,103.0,,,1,
80,88 ,259,/m/blinded_by_the_light,Blinded by the Light,2019,,11900000.0,Gurinder Chadha,Warner Bros. Pictures,Drama,English,"Gurinder Chadha, Jane Barclay, Jamal Daniel",PG-13,"Aug27,2019",1h54m,,"Sarfraz Manzoor, Gurinder Chadha, Paul Mayeda Berges",114.0,"Aug16,2019 ",wide,1,1
81,97 ,62,/m/the_kingmaker,The Kingmaker,2019,,121600.0,Lauren Greenfield,Greenwich Entertainment,Documentary,English,Frank Evers,R,"Feb28,2020",1h41m,,Lauren Greenfield,101.0,"Nov8,2019 ",limited,1,0
82,96 ,83,/m/i_lost_my_body,I Lost My Body,2019,Scope(2.35:1),,Jérémy Clapin,Netflix,Drama,French(France),"Marcdu Pontavice, Camille Wiplier, Lucie Bolze",,"Nov29,2019",1h21m,Dolby Digital,"Jérémy Clapin, Guillaume Laurant",81.0,"Nov15,2019 ",limited,1,0
83,97 ,61,/m/harpoon_2019,Harpoon,2019,,,Rob Grant,Epic Pictures Group,Mystery&thriller,English,"Julian Black Antelope, Kurtis David Harder, Michael Peterson",,"Oct8,2019",1h23m,,Rob Grant,83.0,"Oct4,2019 ",limited,1,0
84,97 ,61,/m/love_antosha,"Love, Antosha",2019,,19900.0,Garret Price,Lurker Productions,Documentary,English,"Drake Doremus, Adam Gibbs",R,"Nov15,2019",1h32m,,,92.0,"Aug2,2019 ",limited,1,0
85,89 ,229,/m/dark_waters_2019,Dark Waters,2019,Scope(2.35:1),11100000.0,Todd Haynes,Focus Features,Mystery&thriller,English,"Mark Ruffalo, Christine Vachon, Pamela Koffler",PG-13,"Nov22,2019",2h6m,,"Mario Correa, Matthew Michael Carnahan",126.0,"Dec6,2019 ",wide,1,1
86,95 ,97,/m/little_woods,Little Woods,2019,,147100.0,Nia Da Costa,Neon,Drama,English,"Tim Headington, Rachael Fung, Gabrielle Nadig, David Stone",R,"Jul16,2019",1h45m,,Nia Da Costa,105.0,"Apr19,2019 ",limited,1,0
87,80 ,423,/m/jojo_rabbit,Jojo Rabbit,2019,Flat(1.85:1),33400000.0,Taika Waititi,Fox Searchlight,Comedy,English,"Carthew Neal, Taika Waititi, Chelsea Winstanley",PG-13,"Nov8,2019",1h48m,Dolby Digital,Taika Waititi,108.0,"Nov8,2019 ",wide,1,1
88,96 ,72,/m/the_amusement_park,The Amusement Park,2019,,,George A. Romero,,Horror,English,,,"Jun8,2021",54m,,Wally Cook,54.0,,,1,
89,89 ,224,/m/the_two_popes,The Two Popes,2019,,,Fernando Meirelles,Netflix,Drama,English,"Tracey Seaward, Dan Lin, Jonathan Eirich",PG-13,"Dec20,2019",2h6m,Dolby Atmos,"Anthony Mc Carten, Frank Cottrell Boyce",126.0,"Nov27,2019 ",limited,1,0
90,96 ,70,/m/ray_and_liz,Ray & Liz,2019,,,Richard Billingham,Kim Stim,Drama,English(UnitedKingdom),Jacqui Davies,,"Apr14,2020",1h48m,,Richard Billingham,108.0,"Jul10,2019 ",limited,1,0
91,95 ,91,/m/mike_wallace_is_here,Mike Wallace Is Here,2019,,278800.0,Avi Belkin,Magnolia Pictures,Documentary,English,"Rafael Marmor, John Battsek, Peggy Drexler, Chris Leggett, Avi Belkin",PG-13,"Aug27,2019",1h34m,,,94.0,"Jul26,2019 ",limited,1,0
92,92 ,150,/m/monos,Monos,2019,Scope(2.35:1),405100.0,Alejandro Landes,Neon,Mystery&thriller,English,"Fernando Epstein, Alejandro Landes, Cristina Landes, Santiago A. Zapata",R,"Sep13,2019",1h42m,Dolby Digital,"Alejandro Landes, Alexis Dos Santos",102.0,"Sep13,2019 ",limited,1,0
93,90 ,191,/m/the_kid_who_would_be_king,The Kid Who Would Be King,2019,Scope(2.35:1),16800000.0,Joe Cornish,20th Century Fox,Kids&family,English,"Nira Park, Tim Bevan, Eric Fellner",PG,"Apr16,2019",2h0m,,Joe Cornish,120.0,"Jan25,2019 ",wide,1,1
94,94 ,103,/m/shadow_2018,Shadow,2019,Scope(2.35:1),521400.0,Yimou Zhang,Well Go U S A,Sports&fitness,Chinese,"Jun Liu, Catherine Pang, Xiaozhu Wang",,"Aug13,2019",1h56m,"Dolby Atmos, Dolby Digital, D T S","Yimou Zhang, Wei Li",116.0,"May3,2019 ",limited,1,0
95,94 ,99,/m/sword_of_trust,Sword of Trust,2019,,321200.0,Lynn Shelton,I F C Films,Comedy,English,"Ted Speaker, Lynn Shelton",R,"Jul22,2019",1h29m,,"Lynn Shelton, Michael Patrick O' Brien",89.0,"Jul12,2019 ",limited,1,0
96,96 ,53,/m/rojo_2018,Rojo,2019,,91200.0,Benjamín Naishtat,Distrib Films,Mystery&thriller,Spanish,"Emmanuel Chaumet, Federico Eibuszyc, Barbara Sarasola- Day, Marleen Slot, Ingmar Trost, Dan Wechsler, Jamal Zeinal Zade, Rachel Ellis",,"Nov8,2019",1h49m,,Benjamín Naishtat,109.0,"Jul12,2019 ",limited,1,0
97,96 ,51,/m/an_elephant_sitting_still,An Elephant Sitting Still Da xiang xi di er zuo,2019,,22000.0,Hu Bo,Kim Stim,Drama,Chinese,,,"Nov21,2019",3h50m,,,230.0,"Mar8,2019 ",limited,1,0
98,91 ,160,/m/in_fabric,In Fabric,2019,Scope(2.35:1),25000.0,Peter Strickland,A24,Comedy,English(UnitedKingdom),Andrew Starke,R,"Nov19,2019",1h58m,,Peter Strickland,118.0,"Dec6,2019 ",limited,1,0
99,96 ,49,/m/it_must_be_heaven,It Must Be Heaven,2019,,,Elia Suleiman,,Drama,French(France),"Laurine Pelassy, Michel Merkt, Thanassis Karathanos, Serge Noël, Martin Hampel, Elia Suleiman, Edouard Weil",,,1h37m,,,97.0,,,0,
100,98 ,333,/m/one_night_in_miami,One Night in Miami,2020,Scope(2.35:1),,Regina King,Amazon Studios,Drama,English,"Jessica Calder, Keith Calder, Jody Klein",R,"Jan15,2021",1h50m,,Kemp Powers,110.0,"Dec25,2020 ",limited,1,0
101,98 ,324,/m/portrait_of_a_lady_on_fire,Portrait of a Lady on Fire Portrait de la jeune fille en feu,2020,Flat(1.85:1),3800000.0,Céline Sciamma,Neon,History,French(France),"Bénédicte Couvreur, Véronique Cayla",R,"Apr3,2020",2h1m,Dolby Digital,Céline Sciamma,121.0,"Dec6,2019 ",limited,1,0
102,98 ,310,/m/minari,Minari,2020,,700000.0,Lee Isaac Chung,A24,Drama,English,"Dede Gardner, Jeremy Kleiner, Christina Oh",PG-13,"Feb26,2021",1h55m,,Lee Isaac Chung,115.0,"Feb12,2021 ",limited,1,0
103,92 ,412,/m/the_invisible_man_2020,The Invisible Man,2020,Scope(2.35:1),64300000.0,Leigh Whannell,Universal Pictures,Mystery&thriller,English,"Jason Blum, Kylie Du Fresne",R,"Mar20,2020",2h4m,Dolby Atmos,Leigh Whannell,124.0,"Feb28,2020 ",wide,1,1
104,97 ,301,/m/ma_raineys_black_bottom,Ma Rainey's Black Bottom,2020,Scope(2.35:1),,George C. Wolfe,Netflix,History,English,"Todd Black, Denzel Washington, Dany Wolf",R,"Dec18,2020",1h34m,,Ruben Santiago- Hudson,94.0,"Nov25,2020 ",limited,1,0
105,95 ,344,/m/soul_2020,Soul,2020,Scope(2.35:1),,Pete Docter,,Comedy,English,Dana Leigh Murray,PG,"Dec25,2020",1h40m,Dolby Atmos,"Pete Docter, Mike Jones, Kemp Powers",100.0,,,1,
106,89 ,461,/m/1917_2019,1917,2020,Scope(2.35:1),159200000.0,Sam Mendes,Universal Pictures,War,English,"Sam Mendes, Pippa Harris, Jayne- Ann Tenggren, Callum Mc Dougall, Brian Oliver",R,"Dec25,2019",1h59m,Dolby Atmos,"Sam Mendes, Krysty Wilson- Cairns",119.0,"Jan10,2020 ",wide,1,1
107,99 ,235,/m/never_rarely_sometimes_always,Never Rarely Sometimes Always,2020,Flat(1.85:1),16300.0,Eliza Hittman,Focus Features,Drama,English,"Lia Buman, Rose Garnett, Tim Headington, Sara Murphy, Alex Orlovsky, Elika Portnoy, Adele Romanski",PG-13,"Apr3,2020",1h41m,,Eliza Hittman,101.0,"Mar13,2020 ",limited,1,0
108,97 ,275,/m/sound_of_metal,Sound of Metal,2020,Scope(2.35:1),,Darius Marder,Amazon Studios,Drama,English,"Sacha Ben Harroche, Bert Hamelinck",R,"Dec4,2020",2h0m,,"Darius Marder, Abraham Marder",120.0,"Nov20,2020 ",limited,1,0
109,90 ,405,/m/promising_young_woman,Promising Young Woman,2020,Scope(2.35:1),6400000.0,Emerald Fennell,Focus Features,Mystery&thriller,English,"Margot Robbie, Josey Mc Namara, Tom Ackerley, Ben Browning, Ashley Fox, Emerald Fennell",R,"Jan15,2021",1h53m,Dolby Atmos,Emerald Fennell,113.0,"Dec25,2020 ",wide,1,1
110,99 ,162,/m/wolfwalkers,Wolfwalkers,2020,Flat(1.85:1),,"Tomm Moore, Ross Stewart",G K I D S,Animation,English,"Tomm Moore, Stéphan Roelants, Nora Twomey, Paul Young",PG,"Dec11,2020",1h43m,,Will Collins,103.0,"Nov13,2020 ",limited,1,0
111,95 ,244,/m/palm_springs_2020,Palm Springs,2020,Scope(2.35:1),,Max Barbakow,Hulu,Comedy,English,"Chris Parker, Andy Samberg, Akiva Schaffer, Dylan Sellers, Becky Sloviter, Jorma Taccone",R,"Jul10,2020",1h30m,,Andy Siara,90.0,"Jul10,2020 ",limited,1,0
112,97 ,199,/m/hamilton_2020,Hamilton,2020,Flat(1.85:1),,Thomas Kail,,Musical,English,"Thomas Kail, Lin- Manuel Miranda",PG-13,"Jul3,2020",2h40m,Dolby Atmos,Ron Chernow,160.0,,,1,
113,92 ,304,/m/da_5_bloods,Da 5 Bloods,2020,,,Spike Lee,,War,English,"Spike Lee, Beatriz Levin, Lloyd Levin, Jon Kilik",R,"Jun13,2020",2h35m,Dolby Atmos,Spike Lee,155.0,,,1,
114,96 ,209,/m/first_cow,First Cow,2020,,161000.0,Kelly Reichardt,A24,Western,English,"Neil Kopp, Vincent Savino, Anish Savjani",PG-13,"Jul10,2020",2h2m,,"Jonathan Raymond, Kelly Reichardt",122.0,"Mar6,2020 ",limited,1,0
115,99 ,144,/m/miss_juneteenth,Miss Juneteenth,2020,Scope(2.35:1),86300.0,Channing Godfrey Peoples,Vertical Entertainment,Drama,English,"Neil Creque Williams, James M. Johnston, Jeanie Igoe, Toby Halbrooks, Tim Headington, Theresa Steele Page",,"Jun19,2020",1h43m,,Channing Godfrey Peoples,103.0,"Jun19,2020 ",limited,1,0
116,100 ,119,/m/his_house,His House,2020,Scope(2.35:1),,Remi Weekes,,Mystery&thriller,English(UnitedKingdom),Aidan Elliott,,"Oct30,2020",1h33m,,Remi Weekes,93.0,,,1,
117,99 ,130,/m/collective_2020,Collective Colectiv,2020,Flat(1.85:1),,Alexander Nanau,Magnolia Pictures,Documentary,Romanian,"Hanka Kastelicová, Bernard Michaux, Alexander Nanau, Bianca Oana",,"Nov20,2020",1h49m,,"Alexander Nanau, Antoaneta Opris",109.0,"Nov20,2020 ",limited,1,0
118,100 ,100,/m/crip_camp_a_disability_revolution,Crip Camp: A Disability Revolution,2020,,,"James Lebrecht, Nicole Newnham",,Documentary,English,"James Lebrecht, Sara Bolder, Nicole Newnham",R,"Mar26,2020",1h47m,,"James Lebrecht, Nicole Newnham",107.0,,,1,
119,100 ,98,/m/76_days,76 Days,2020,,,"Hao Wu, Weixi Chen",M T V Documentary Films,Documentary,Chinese,"Jean Tsien, Hao Wu",,"Mar5,2021",1h33m,,Hao Wu,93.0,"Jan23,2021 ",limited,1,0
120,89 ,331,/m/the_trial_of_the_chicago_7,The Trial of the Chicago 7,2020,Scope(2.35:1),,Aaron Sorkin,Netflix,History,English,"Stuart M. Besser, Matt Jackson, Tyler Thompson, Marc Platt",R,"Oct16,2020",2h9m,Dolby Digital,Aaron Sorkin,129.0,"Oct16,2020 ",limited,1,0
121,100 ,93,/m/host_2020,Host,2020,,,Rob Savage,,Horror,English(UnitedKingdom),,,"Jul30,2020",57m,,"Rob Savage, Gemma Hurley, Jed Shepherd",57.0,,,1,
122,98 ,135,/m/david_byrnes_american_utopia,David Byrne's American Utopia,2020,,,Spike Lee,,Musical,English,,,"Oct17,2020",2h15m,,,135.0,,,1,
123,100 ,91,/m/dick_johnson_is_dead,Dick Johnson Is Dead,2020,,,Kirsten Johnson,,Documentary,English,"Katy Chevigny, Marilyn Ness",PG-13,"Oct2,2020",1h29m,,"Kirsten Johnson, Nels Bangerter",89.0,,,1,
124,94 ,219,/m/possessor_uncut,Possessor: Uncut,2020,,745800.0,Brandon Cronenberg,,Mystery&thriller,English,"Fraser Ash, Niv Fichman, Kevin Krikst, Andrew Starke",R,"Dec8,2020",1h42m,,Brandon Cronenberg,102.0,,,1,
125,98 ,131,/m/the_forty_year_old_version,The Forty-Year-Old Version,2020,Scope(2.35:1),,Radha Blank,,Comedy,English,,R,"Oct9,2020",2h3m,,Radha Blank,123.0,,,1,
126,98 ,124,/m/time_2020,Time,2020,,,Garrett Bradley,Amazon Studios,Documentary,English,"Garrett Bradley, Lauren Domino, Kellen Quinn",PG-13,"Oct16,2020",1h21m,,,81.0,"Oct9,2020 ",limited,1,0
127,99 ,102,/m/totally_under_control,Totally Under Control,2020,,,"Alex Gibney, Ophelia Harutyunyan, Suzanne Hillinger",,Documentary,English,"Alex Gibney, Ophelia Harutyunyan, Suzanne Hillinger",,"Oct13,2020",2h3m,,Alex Gibney,123.0,,,1,
128,99 ,102,/m/saint_frances,Saint Frances,2020,,16100.0,Alex Thompson,Oscilloscope Laboratories,Comedy,English,James Choi,,"May3,2020",1h46m,,Kelly O' Sullivan,106.0,"Feb28,2020 ",limited,1,0
129,98 ,123,/m/blow_the_man_down,Blow the Man Down,2020,,,"Bridget Savage Cole, Danielle Krudy",,Comedy,English,"Drew P. Houpt, Alex Scharfman, Lucas Joaquin",R,"Mar17,2020",1h30m,,"Bridget Savage Cole, Danielle Krudy",90.0,,,1,
130,88 ,337,/m/onward,Onward,2020,Scope(2.35:1),60400000.0,Dan Scanlon,Walt Disney,Kids&family,English,Kori Rae,PG,"Mar6,2020",1h43m,"Dolby Atmos, D T S","Dan Scanlon, Jason Headley, Keith Bunin",103.0,"Mar6,2020 ",wide,1,1
131,92 ,245,/m/the_personal_history_of_david_copperfield,The Personal History of David Copperfield,2020,Scope(2.35:1),1900000.0,Armando Iannucci,Searchlight Pictures,Comedy,English(UnitedKingdom),"Armando Iannucci, Kevin Loader",PG,"Nov17,2020",1h59m,,Simon Blackwell,119.0,"Aug28,2020 ",wide,1,1
132,92 ,245,/m/the_vast_of_night,The Vast of Night,2020,Scope(2.35:1),,Andrew Patterson,Amazon Studios,Mystery&thriller,English,"Adam Dietrich, Melissa Kirkendall, James Montague",PG-13,"May31,2020",1h30m,,James Montague,90.0,"May15,2020 ",limited,1,0
133,100 ,72,/m/welcome_to_chechnya,Welcome to Chechnya,2020,,,David France,,Documentary,Russian,"David France, Alice Henty, Askold Kurov, Joy A. Tomchin",,"Jul3,2020",1h47m,,David France,107.0,,,1,
134,100 ,66,/m/all_in_the_fight_for_democracy,All In: The Fight for Democracy,2020,,,"Lisa Cortes, Liz Garbus",Amazon Studios,Documentary,English,"Stacey Abrams, Dan Cogan, Lisa Cortes, Liz Garbus",PG-13,"Sep18,2020",1h42m,,Jack Youngelson,102.0,"Sep9,2020 ",limited,1,0
135,92 ,236,/m/the_assistant_2020,The Assistant,2020,,1100000.0,Kitty Green,Bleecker Street Media,Drama,English,"James Schamus, Scott Macaulay, P. Jennifer Dana",R,"Apr28,2020",1h27m,,Kitty Green,87.0,"Jan31,2020 ",limited,1,0
136,100 ,63,/m/mucho_mucho_amor,Mucho Mucho Amor: The Legend of Walter Mercado,2020,,,"Cristina Constantini, Kareem Tabsch",,Documentary,English,"Cristina Costantini, Alex Fumero, Kareem Tabsch",,"Jul8,2020",1h36m,,,96.0,,,1,
137,92 ,232,/m/relic,Relic,2020,Scope(2.35:1),1000000.0,Natalie Erika James,I F C Midnight,Horror,English,Jake Gyllenhaal,R,"Jun26,2020",1h29m,,"Natalie Erika James, Christian White",89.0,"Jul10,2020 ",limited,1,0
138,97 ,124,/m/the_truffle_hunters,The Truffle Hunters,2020,Flat(1.85:1),520400.0,"Michael Dweck, Gregory Kershaw",Sony Pictures Classics,Documentary,Italian,"Michael Dweck, Gregory Kershaw",PG-13,"Aug17,2021",1h24m,,,84.0,"Mar5,2021 ",limited,1,0
139,100 ,56,/m/athlete_a,Athlete A,2020,,,"Bonni Cohen, Jon Shenk",,Documentary,English,"Serin Marshall, Jen Sey, Julie Parker Benello",PG-13,"Jun25,2020",1h43m,,,103.0,,,1,
140,98 ,99,/m/corpus_christi_2020,Corpus Christi Boze cialo,2020,Scope(2.35:1),127200.0,Jan Komasa,Film Movement,Drama,Polish,"Leszek Bodzak, Aneta Cebula- Hickinbotham, Krzysztof Rak",,"May22,2020",1h35m,,Mateusz Pacewicz,95.0,"Feb24,2020 ",limited,1,0
141,99 ,77,/m/driveways,Driveways,2020,,,Andrew Ahn,,Drama,English,,,"May8,2020",1h23m,,"Hannah Bos, Paul Thureen",83.0,,,1,
142,100 ,54,/m/a_secret_love,A Secret Love,2020,,,Chris Bolan,,Documentary,English,"Alexa L. Fogel, Brendan Mason, Ryan Murphy",,"Apr29,2020",1h23m,,"Chris Bolan, Alexa L. Fogel",83.0,,,1,
143,99 ,73,/m/on_the_record,On the Record,2020,,,"Kirby Dick, Amy Ziering",,Documentary,English,"Jamie Rogers, Kirby Dick, Amy Herdy",,"May27,2020",1h35m,,"Kirby Dick, Sara Newens, Amy Ziering",95.0,,,1,
144,100 ,51,/m/coded_bias,Coded Bias,2020,,,Shalini Kantayya,,Documentary,English,,,"Apr5,2021",1h30m,,Shalini Kantayya,90.0,,,1,
145,98 ,93,/m/extra_ordinary,Extra Ordinary,2020,,160900.0,"Michael Ahern, Enda Loughman",Good Deed Entertainment,Comedy,English(UnitedKingdom),"Katie Holly, Yvonne Donohoe, Mary Mc Carthy",R,"Jan13,2020",1h34m,,Enda Loughman,94.0,"Mar6,2020 ",limited,1,0
146,100 ,49,/m/slay_the_dragon,Slay the Dragon,2020,,,"Chris Durrance, Barak Goodman",,Documentary,English,Barak Goodman,PG-13,"Apr3,2020",1h41m,,,101.0,,,1,
147,99 ,67,/m/the_fight_2020,The Fight,2020,,,"Elyse Steinberg, Josh Kriegman, Eli B. Despres",Magnolia Pictures,Documentary,English,"Eli B. Despres, Peggy Drexler, Josh Kriegman, Maya Seidler, Elyse Steinberg, Kerry Washington",PG-13,"Jul30,2020",1h36m,,,96.0,"Jul31,2020 ",limited,1,0
148,100 ,44,/m/a_thousand_cuts_2020,A Thousand Cuts,2020,,,Ramona S. Diaz,P B S Distribution,Documentary,English,"Ramona S. Diaz, Chris Clements, Christopher Clements, Julie Goldman, Carolyn Hepburn, Leah Marino",,"Aug7,2020",1h50m,,Ramona S. Diaz,110.0,"Aug7,2020 ",limited,1,0
149,100 ,44,/m/coup_53,Coup 53,2020,,,Taghi Amirani,Amirani Media,Documentary,English,"Taghi Amirani, Paul Zaentz",,,1h58m,,Taghi Amirani,118.0,"Aug21,2020 ",limited,0,0
150,100 ,44,/m/rewind_2020,Rewind,2020,,,Sasha Neulinger,,Documentary,English,"Avela Grenier, Shasta Grenier, Robert Schneeweis",,"Jun12,2020",1h26m,,,86.0,,,1,
151,92 ,216,/m/another_round,Another Round Druk,2020,,,Thomas Vinterberg,Samuel Goldwyn Films,Drama,Danish,"Kasper Dissing, Sisse Graum Jørgensen",,"Dec18,2020",1h55m,,"Thomas Vinterberg, Tobias Lindholm",115.0,"Dec4,2020 ",limited,1,0
152,100 ,43,/m/mayor,Mayor,2020,Scope(2.35:1),,David Osit,,Documentary,English,David Osit,,"Feb14,2021",1h29m,,,89.0,,,1,
153,100 ,41,/m/mystify_michael_hutchence,Mystify: Michael Hutchence,2020,,,Richard Lowenstein,,Documentary,English(Australia),"John Battsek, Andrewde Groot",,"Jan21,2020",1h48m,,Richard Lowenstein,108.0,,,1,
154,100 ,40,/m/acasa_my_home,"Acasa, My Home",2020,,,Radu Ciorniciuc,Zeitgeist Films,Documentary,Romanian,"Erkko Lyytinen, Monica Lazurean- Gorgan, Alina David",,"Mar15,2021",1h26m,,,86.0,"Jan15,2021 ",limited,1,0
155,97 ,102,/m/the_half_of_it,The Half of It,2020,,,Alice Wu,,Comedy,English,"Blair Breard, Anthony Bregman, Alice Wu",PG-13,"May2,2020",1h45m,,Alice Wu,105.0,,,1,
156,97 ,91,/m/gunda_2020,Gunda,2020,Flat(1.85:1),110400.0,Victor Kossakovsky,N E O N,Documentary,English,"Anita Rehoff Larsen, Joslyn Barnes, Susan Rockefeller",G,"Apr16,2021",1h33m,,"Victor Kossakovsky, Ainara Vera",93.0,"Apr16,2021 ",limited,1,0
157,96 ,110,/m/the_painter_and_the_thief,The Painter and the Thief,2020,,,Benjamin Ree,Neon,Documentary,English,Ingvil Giske,,"May22,2020",1h42m,,,102.0,"May22,2020 ",limited,1,0
158,98 ,64,/m/city_hall_2020,City Hall,2020,,,Frederick Wiseman,,Documentary,English,,,,4h35m,,,275.0,,,0,
159,98 ,63,/m/anything_for_jackson,Anything for Jackson,2020,,,Justin G. Dyck,,Horror,English,"Keith Cooper, Justin G. Dyck, Christopher Giroux, Bill Marks",,"Dec3,2020",1h37m,,Keith Cooper,97.0,,,1,
160,98 ,62,/m/vitalina_varela,Vitalina Varela,2020,,,Pedro Costa,Grasshopper Film,Drama,Portuguese,Abel Ribeiro Chaves,,"Sep18,2020",2h4m,,"Pedro Costa, Vitalina Varela",124.0,"Feb21,2020 ",limited,1,0
161,98 ,62,/m/beats_2020,Beats,2020,,,Brian Welsh,,Comedy,English(UnitedKingdom),Camilla Bray,,"Sep2,2020",1h41m,,"Kieran Hurley, Brian Welsh",101.0,,,1,
162,96 ,104,/m/night_of_the_kings,Night of the Kings La Nuit des Rois,2020,,,Philippe Lacôte,Neon,Drama,French(France),"Delphine Jaquet, Ernest Konan, Yanick Létourneau",R,"Mar5,2021",1h33m,,Philippe Lacôte,93.0,"Feb26,2021 ",limited,1,0
163,93 ,167,/m/bacurau,Bacurau Nighthawk,2020,,58100.0,"Kleber Mendonça Filho, Juliano Dornelles",,Mystery&thriller,Portuguese(Brazil),"Saïd Ben Saïd, Emilie Lesclaux, Michel Merkt",,"May12,2020",2h12m,,"Juliano Dornelles, Kleber Mendonça Filho",132.0,,,1,
164,98 ,59,/m/circus_of_books,Circus of Books,2020,,,Rachel Mason,,Documentary,English,"Adam Baran, Cynthia Childs, Camilla Hall, Kathryn Robson",,"Apr22,2020",1h32m,,"Kathryn Robson, Rachel Mason",92.0,,,1,
165,94 ,145,/m/boys_state,Boys State,2020,,,"Amanda Mc Baine, Jesse Moss",,Documentary,English,"Jesse Moss, Amanda Mc Baine",PG-13,"Aug14,2020",1h49m,,,109.0,"Jul31,2020 ",limited,1,0
166,92 ,185,/m/saint_maud,Saint Maud,2020,Scope(2.35:1),,Rose Glass,A24,Horror,English,"Oliver Kassman, Andrea Cornwell",R,"Feb12,2021",1h24m,,Rose Glass,84.0,"Jan29,2021 ",limited,1,0
167,97 ,76,/m/why_dont_you_just_die,"Why Don't You Just Die! Papa, sdokhni",2020,,,,,,,,,,,,,,,,0,
168,98 ,54,/m/disclosure_2020_2,Disclosure,2020,,,Sam Feder,,Documentary,English,"Sam Feder, Amy Scholder",,"Jun19,2020",1h40m,,,100.0,,,1,
169,91 ,204,/m/enola_holmes,Enola Holmes,2020,,,Harry Bradbeer,,Mystery&thriller,English,"Millie Bobby Brown, Paige Brown, Alex Garcia, Ali Mendes, Mary Parent",PG-13,"Sep24,2020",2h3m,,Nancy Springer,123.0,,,1,
170,98 ,53,/m/apples,Apples Mila,2020,,,Christos Nikou,,Comedy,English,,,,,,,,,,0,
171,96 ,95,/m/la_llorona_2019,La Llorona,2020,Scope(2.35:1),,Jayro Bustamante,,Mystery&thriller,Spanish,"Jayro Bustamante, Gustavo Matheu, Georges Renand, Marina Peralta",,"Aug6,2020",1h37m,,"Jayro Bustamante, Lisandro Sanchez",97.0,,,1,
172,96 ,94,/m/the_dissident,The Dissident,2020,,40000.0,Bryan Fogel,Briarcliff Entertainment,Documentary,Arabic,"Bryan Fogel, Thor Halvorssen, Mark Monroe, Jake Swantko",PG-13,"Jan8,2021",1h59m,,"Bryan Fogel, Mark Monroe",119.0,"Dec25,2020 ",limited,1,0
173,88 ,265,/m/news_of_the_world,News of the World,2020,Scope(2.35:1),12700000.0,Paul Greengrass,Universal Pictures,Western,English,"Gary Goetzman, Gail Mutrux, Gregory Goodman",PG-13,"Jan15,2021",1h58m,"Dolby Atmos, Dolby Digital","Paul Greengrass, Luke Davies",118.0,"Dec25,2020 ",wide,1,1
174,97 ,71,/m/farewell_amor,Farewell Amor,2020,,4700.0,Ekwa Msangi,I F C Films,Drama,English,"Huriyyah Muhammad, Sam Bisbee, Josh Penn",,"Dec11,2020",1h41m,,Ekwa Msangi,101.0,"Dec11,2020 ",limited,1,0
175,98 ,49,/m/there_is_no_evil,There Is No Evil Sheytan vojud nadarad,2020,Scope(2.35:1),6600.0,Mohammad Rasoulof,Kino Lorber,Drama,Persian,"Kaveh Farnam, Farzad Pak, Mohammad Rasoulof",,"Jul13,2021",2h31m,Dolby Digital,Mohammad Rasoulof,151.0,"May14,2021 ",limited,1,0
176,98 ,48,/m/sweat_2020,Sweat,2020,Scope(2.35:1),7300.0,Magnusvon Horn,M U B I,Drama,Polish,Mariusz Wlodarski,,"Jul23,2021",1h47m,,Magnusvon Horn,107.0,"Jun18,2021 ",limited,1,0
177,98 ,47,/m/fourteen_2019,Fourteen,2020,,,Dan Sallitt,Grasshopper Film,Drama,English,Caitlin Mae Burke,,"May15,2020",1h34m,,Dan Sallitt,94.0,"May15,2020 ",limited,1,0
178,98 ,47,/m/house_of_hummingbird,House of Hummingbird Beolsae,2020,,,Bora Kim,Well Go U S A Entertainment,Drama,Korean,"Bora Kim, Zoe Sua Cho",,"Aug4,2020",2h18m,,Bora Kim,138.0,"Jun26,2020 ",limited,1,0
179,98 ,45,/m/the_go_gos,The Go-Go's,2020,,,Alison Ellwood,,Documentary,English,"Trevor Birney, Eimhear O' Neill, Corey Russell",,"Jul31,2020",1h38m,,,98.0,,,1,
180,98 ,45,/m/make_up_2020,Make Up,2020,,,Claire Oakley,Mutiny Pictures,Mystery&thriller,English(UnitedKingdom),Emily Morgan,,"Dec15,2020",1h26m,,Claire Oakley,86.0,"Nov13,2020 ",limited,1,0
181,98 ,43,/m/fireball_visitors_from_darker_worlds,Fireball: Visitors from Darker Worlds,2020,,,"Werner Herzog, Clive Oppenheimer",,Documentary,English,"André Singer, Lucki Stipetic",,"Nov13,2020",1h37m,,Werner Herzog,97.0,,,1,
182,98 ,43,/m/the_last_tree,The Last Tree,2020,,,Shola Amoo,Art Mattan Films,Drama,English(UnitedKingdom),"Lee Thomas, Myf Hopkins",,"Jun26,2020",1h40m,,Shola Amoo,100.0,"Jun26,2020 ",limited,1,0
183,97 ,64,/m/the_human_voice_2020,The Human Voice La Voz Humana,2020,,,Pedro Almodóvar,Sony Classics,Drama,Spanish(Spain),,R,"May2,2021",30m,,Pedro Almodóvar,30.0,"Mar12,2021 ",limited,1,0
184,97 ,64,/m/spontaneous,Spontaneous,2020,Scope(2.35:1),,Brian Duffield,,Comedy,English,"Nicki Cortese, Brian Duffield, Matthew Kaplan, Jordan Levin",R,"Oct6,2020",1h42m,,Brian Duffield,102.0,"Oct2,2020 ",limited,1,0
185,97 ,64,/m/rocks,Rocks,2020,,,Sarah Gavron,,Drama,English(UnitedKingdom),"Ameenah Ayub Allen, Faye Ward, Hannah Farrell",,"Feb2,2021",1h33m,,"Claire Wilson, Theresa Ikoko",93.0,,,1,
186,93 ,150,/m/babyteeth,Babyteeth,2020,,4300.0,Shannon Murphy,,Comedy,English(Australia),Alex White,,"Jun18,2020",1h57m,Dolby Digital,Rita Kalnejais,117.0,,,1,
187,98 ,42,/m/assassins_2020,Assassins,2020,,,Ryan White,Greenwich Entertainment,Documentary,Vietnamese,"Jessica Hargrave, Ryan White",,"Jan15,2021",1h44m,,,104.0,"Dec11,2020 ",limited,1,0
188,87 ,278,/m/on_the_rocks_2020,On The Rocks,2020,Flat(1.85:1),,Sofia Coppola,A24,Comedy,English,"Sofia Coppola, Youree Henley",R,"Oct23,2020",1h36m,,Sofia Coppola,96.0,"Oct2,2020 ",limited,1,0
189,97 ,62,/m/the_boy_behind_the_door,The Boy Behind the Door,2020,,,"David Charbonier, Justin Powell",,Mystery&thriller,English,"Ryan Lewis, John Hermann, Jim Hart, Ryan Scaringe, Rick Rosenthal",,"Jul29,2021",1h28m,,"David Charbonier, Justin Powell",88.0,,,1,
190,96 ,78,/m/a_shaun_the_sheep_movie_farmageddon,A Shaun the Sheep Movie: Farmageddon,2020,Scope(2.35:1),,"Richard Phelan, Will Becher",,Kids&family,English(UnitedKingdom),Paul Kewley,G,"Feb14,2020",1h27m,"Dolby Atmos, D T S","Mark Burton, Jon Brown",87.0,,,1,
191,90 ,206,/m/kajillionaire,Kajillionaire,2020,Scope(2.35:1),524000.0,Miranda July,Focus Features,Comedy,English,"Dede Gardner, Youree Henley, Jeremy Kleiner",R,"Oct14,2020",1h44m,,Miranda July,104.0,"Sep25,2020 ",limited,1,0
192,96 ,70,/m/zappa_2020,Zappa,2020,,14400.0,Alex Winter,Magnolia Pictures,Documentary,English,"Jade Allen, Devorah De Vries, John Frizzell, Alex Winter, Ahmet Zappa, Glen Zipper",,"Nov27,2020",2h9m,,Alex Winter,129.0,"Nov23,2020 ",limited,1,0
193,85 ,306,/m/just_mercy,Just Mercy,2020,Flat(1.85:1),36000000.0,Destin Daniel Cretton,Warner Bros. Pictures,Drama,English,"Gil Netter, Asher Goldstein, Michael B. Jordan",PG-13,"Dec25,2019",2h16m,Dolby Atmos,"Destin Daniel Cretton, Andrew Lanham",136.0,"Jan10,2020 ",wide,1,1
194,96 ,69,/m/slaxx,Slaxx,2020,,,Elza Kephart,,Comedy,English,"Patricia Gomez, Anne- Marie Gélinas",,"Mar18,2021",1h17m,,"Patricia Gomez, Elza Kephart",77.0,,,1,
195,85 ,303,/m/borat_subsequent_moviefilm,Borat: Subsequent Moviefilm,2020,,,Jason Woliner,,Comedy,English,"Monica Levinson, Anthony Hines",R,"Oct23,2020",1h36m,,"Sacha Baron Cohen, Anthony Hines, Dan Swimer, Peter Baynham, Erica Rivinoja, Dan Mazer, Jena Friedman, Lee Kern",96.0,,,1,
196,94 ,108,/m/love_and_monsters,Love and Monsters,2020,Scope(2.35:1),1000000.0,Michael Matthews,Paramount Pictures,Comedy,English,"Shawn Levy, Dan Cohen",PG-13,"Oct16,2020",1h49m,,"Brian Duffield, Matthew Robinson",109.0,"Oct16,2020 ",limited,1,0
197,79 ,430,/m/birds_of_prey_2020,Birds of Prey And the Fantabulous Emancipation of One Harley Quinn,2020,Scope(2.35:1),84100000.0,Cathy Yan,Warner Bros. Pictures,Comedy,English,"Margot Robbie, Bryan Unkeless, Sue Kroll",R,"Mar23,2020",1h49m,Dolby Atmos,Christina Hodson,109.0,"Feb7,2020 ",wide,1,1
198,91 ,170,/m/the_white_tiger_2020,The White Tiger,2020,Scope(2.35:1),,Ramin Bahrani,,Drama,Hindi,"Ramin Bahrani, Mukul Deora",R,"Jan22,2021",2h6m,,Ramin Bahrani,126.0,"Jan13,2021 ",limited,1,0
199,93 ,126,/m/yes_god_yes,"Yes, God, Yes",2020,,,Karen Maine,Vertical Entertainment,Comedy,English,"Katie Cordeal, Colleen Hammond",R,"Jul28,2020",1h18m,,Karen Maine,78.0,"Jul24,2020 ",limited,1,0
200,93 ,419,/m/nomadland,Nomadland,2021,Scope(2.35:1),,Chloé Zhao,Searchlight Pictures,Drama,English,"Frances Mc Dormand, Peter Spears, Mollye Asher, Dan Janvey, Chloé Zhao",R,"Feb19,2021",1h48m,"D T S, Dolby Digital, Dolby Atmos",Chloé Zhao,108.0,"Feb19,2021 ",wide,1,1
201,96 ,341,/m/judas_and_the_black_messiah,Judas and the Black Messiah,2021,Scope(2.35:1),5000000.0,Shaka King,Warner Bros,Biography,English,"Ryan Coogler, Charles D. King, Shaka King",R,"Feb12,2021",2h6m,,"Will Berson, Shaka King",126.0,"Feb12,2021 ",wide,1,1
202,98 ,282,/m/the_father_2021,The Father,2021,Scope(2.35:1),2100000.0,Florian Zeller,Sony Pictures Classics,Drama,English(UnitedKingdom),"Philippe Carcassonne, Simon Friend, Jean- Louis Livi, Victor Livi, David Parfitt, Christophe Spadone",PG-13,"Mar25,2021",1h37m,,"Christopher Hampton, Florian Zeller",97.0,"Feb26,2021 ",limited,1,0
203,94 ,351,/m/in_the_heights_2021,In the Heights,2021,Scope(2.35:1),29900000.0,Jon M. Chu,Warner Bros. Pictures,Musical,English,"Lin- Manuel Miranda, Quiara Alegría Hudes, Scott Sanders, Anthony Bregman, Mara Jacobs",PG-13,"Jun10,2021",2h23m,Dolby Atmos,Quiara Alegría Hudes,143.0,"Jun10,2021 ",wide,1,1
204,99 ,206,/m/summer_of_soul,"Summer of Soul ...Or, When the Revolution Could Not Be Televised",2021,,2300000.0,"Ahmir"" Questlove"" Thompson",Searchlight Pictures,Documentary,English,"David Dinerstein, Robert Fyvolent, Joseph Patel",PG-13,"Jul2,2021",1h57m,"Dolby Digital, Stereo",,117.0,"Jul2,2021 ",wide,1,1
205,97 ,241,/m/pig_2021,Pig,2021,Scope(2.35:1),3100000.0,Michael Sarnoski,Neon,Mystery&thriller,English,"Vanessa Block, Dimitra Tsingou, Thomas Benski, Ben Giladi, Dori A. Rath, Joseph Restaino, David Carrico, Adam Paulsen, Steve Tisch, Nicolas Cage",R,"Aug3,2021",1h32m,,Michael Sarnoski,92.0,"Jul16,2021 ",wide,1,1
206,95 ,282,/m/the_power_of_the_dog,The Power of the Dog,2021,Scope(2.35:1),,Jane Campion,Netflix,Western,English,"Jane Campion, Iain Canning, Roger Frappier, Tanya Seghatchian, Emile Sherman",R,"Dec1,2021",2h8m,Dolby Digital,Jane Campion,128.0,"Nov17,2021 ",limited,1,0
207,94 ,308,/m/spider_man_no_way_home,Spider-Man: No Way Home,2021,Scope(2.35:1),260100000.0,Jon Watts,Columbia Pictures,Adventure,English,"Kevin Feige, Amy Pascal",PG-13,,2h28m,"Dolby Digital, Dolby Atmos","Chris Mc Kenna, Erik Sommers",148.0,"Dec17,2021 ",wide,0,1
208,96 ,247,/m/coda_2021,CODA,2021,Flat(1.85:1),,Sian Heder,Apple T V+,Comedy,English,"Fabrice Gianfermi, Philippe Rousselet, Patrick Wachsberger",PG-13,"Aug13,2021",1h52m,,Sian Heder,112.0,"Aug13,2021 ",limited,1,0
209,94 ,283,/m/raya_and_the_last_dragon,Raya and the Last Dragon,2021,Scope(2.35:1),54700000.0,"Don Hall, Carlos López Estrada",Walt Disney,Animation,English,"Osnat Shurer, Peter Del Vecho",PG,"Mar5,2021",1h48m,Dolby Atmos,"Adele Lim, Qui Nguyen",108.0,"Mar5,2021 ",wide,1,1
210,98 ,184,/m/the_mitchells_vs_the_machines,The Mitchells vs. The Machines,2021,Flat(1.85:1),,Michael Rianda,Netflix,Animation,English,"Phil Lord, Chris Miller, Kurt Albrecht",PG,"Apr30,2021",1h54m,"Dolby Atmos, Dolby Digital","Michael Rianda, Jeff Rowe",114.0,"Apr23,2021 ",limited,1,0
211,91 ,349,/m/a_quiet_place_part_ii,A Quiet Place Part II,2021,Scope(2.35:1),160200000.0,John Krasinski,Paramount Pictures,Horror,English,"Michael Bay, Andrew Form, Brad Fuller, John Krasinski",PG-13,"Jul13,2021",1h37m,Dolby Atmos,John Krasinski,97.0,"May28,2021 ",wide,1,1
212,93 ,298,/m/west_side_story_2021,West Side Story,2021,Scope(2.35:1),18200000.0,Steven Spielberg,20th Century Studios,Musical,English,"Steven Spielberg, Kristie Macosko Krieger, Kevin Mc Collum",PG-13,,2h36m,"Dolby Atmos, Dolby Digital",Tony Kushner,156.0,"Dec10,2021 ",wide,0,1
213,90 ,359,/m/the_suicide_squad,The Suicide Squad,2021,,55800000.0,James Gunn,Warner Bros. Pictures,Comedy,English,"Peter Safran, Charles Roven",R,"Aug6,2021",2h12m,"Dolby Digital, Dolby Atmos",James Gunn,132.0,"Aug6,2021 ",wide,1,1
214,91 ,321,/m/shang_chi_and_the_legend_of_the_ten_rings,Shang-Chi and the Legend of the Ten Rings,2021,Scope(2.35:1),224500000.0,Destin Daniel Cretton,,Sports&fitness,English,"Kevin Feige, Jonathan Schwartz",PG-13,"Nov12,2021",2h13m,"Dolby Digital, Dolby Atmos","David Callaham, Destin Daniel Cretton, Andrew Lanham",133.0,"Sep3,2021 ",wide,1,1
215,99 ,124,/m/mlk_fbi,MLK/FBI,2021,,44900.0,Samuel D. Pollard,I F C Films,Documentary,English,Benjamin Hedin,,"Jan15,2021",1h42m,,"Benjamin Hedin, Laura Tomaselli",102.0,"Jan15,2021 ",limited,1,0
216,100 ,96,/m/drive_my_car,Drive My Car,2021,,219400.0,Ryûsuke Hamaguchi,Sideshow/ Janus Films,Drama,Japanese,",, Osamu Kubota,,, Keiji Okumura, Jin Suzuki, Teruhisa Yamamoto",,,2h59m,,"Ryûsuke Hamaguchi, Takamasa Oe",179.0,"Nov24,2021 ",limited,0,0
217,97 ,151,/m/shiva_baby,Shiva Baby,2021,,153200.0,Emma Seligman,Utopia,Comedy,English,"Kieran Altmann, Katie Schiller, Lizzie Shapiro",,"Apr2,2021",1h17m,,Emma Seligman,77.0,"Apr2,2021 ",limited,1,0
218,98 ,122,/m/the_velvet_underground_2021,The Velvet Underground,2021,,,Todd Haynes,Apple T V+,Documentary,English,"Christopher Clements, Julie Goldman, David Blackman, Carolyn Hepburn, Pamela Koffler, Christine Vachon",R,"Oct15,2021",1h50m,,Todd Haynes,110.0,"Oct15,2021 ",limited,1,0
219,100 ,66,/m/quo_vadis_aida,"Quo Vadis, Aida?",2021,,,Jasmila Zbanic,Super L T D,War,Bosnian,"Damir Ibrahimovich, Jasmila Zbanic",,"Mar15,2021",1h42m,,Jasmila Zbanic,102.0,"Mar5,2021 ",limited,1,0
220,91 ,284,/m/luca_2021,Luca,2021,Flat(1.85:1),,Enrico Casarosa,Walt Disney,Comedy,English,Andrea Warren,PG,"Jun18,2021",1h40m,"Dolby Atmos, Dolby Digital","Jesse Andrews, Mike Jones",100.0,"Jun18,2021 ",limited,1,0
221,100 ,59,/m/slalom,Slalom,2021,Scope(2.35:1),1100.0,Charlène Favier,Kino Lorber,Drama,French(France),Edouard Mauriat,,"Jun8,2021",1h32m,,"Charlène Favier, Marie Talon",92.0,"Apr9,2021 ",limited,1,0
222,96 ,156,/m/the_sparks_brothers,The Sparks Brothers,2021,Flat(1.85:1),623000.0,Edgar Wright,Focus Features,Documentary,English,"Nira Park, Edgar Wright, George Hencken, Laura Richardson",R,"Aug31,2021",2h15m,,,135.0,"Jun18,2021 ",wide,1,1
223,98 ,101,/m/flee,Flee,2021,,48000.0,Jonas Poher Rasmussen,N E O N/ Participant,Documentary,Danish,"Natalie Farrey, Monica Hellstrøm, Signe Byrge Sørensen, Charlottedela Gournerie",PG-13,,1h23m,,"Jonas Poher Rasmussen, Jonas Poher Rasmussen, Amin Nawabi",83.0,"Dec3,2021 ",limited,0,0
224,100 ,55,/m/parallel_mothers,Parallel Mothers Madres paralelas,2021,,,Pedro Almodóvar,Sony Pictures Classics,Drama,Spanish(Spain),"Agustín Almodóvar, Esther García",R,,2h2m,,Pedro Almodóvar,122.0,"Dec24,2021 ",limited,0,0
225,96 ,83,/m/the_tragedy_of_macbeth_2021,The Tragedy of Macbeth,2021,,,Joel Coen,A24,Drama,English,"Joel Coen, Robert Graf, Frances Mc Dormand",R,"Jan14,2022",1h45m,Dolby Digital,Joel Coen,105.0,"Dec25,2021 ",limited,1,0
226,98 ,97,/m/two_of_us,Two of Us Deux,2021,Scope(2.35:1),3000.0,Filippo Meneghetti,Magnolia Pictures,Lgbtq+,French(France),"Laurent Baujard, Pierre- Emmanuel Fleurantin",,"Feb5,2021",1h35m,,"Filippo Meneghetti, Malysone Bovorasmy",95.0,"Feb5,2021 ",limited,1,0
227,95 ,170,/m/mass_2021,Mass,2021,,145000.0,Fran Kranz,Bleecker Street,Drama,English,"Dylan Matlock, Casey Wilder Mott, J. P. Ouellette",PG-13,,1h50m,,Fran Kranz,110.0,"Oct8,2021 ",limited,0,0
228,100 ,47,/m/beyond_the_infinite_two_minutes,Beyond the Infinite Two Minutes,2021,,,Junta Yamaguchi,,Comedy,Japanese,"Kazuchika Yoshida, Takahiro Otsuki",,,1h10m,,Makoto Ueda,70.0,,,0,
229,100 ,47,/m/luzzu,Luzzu,2021,Flat(1.85:1),35900.0,Alex Camilleri,Kino Lorber,Drama,Maltese,", Ramin Bahrani, Alex Camilleri, Oliver Mallia",,"Jan14,2022",1h35m,,Alex Camilleri,95.0,"Oct15,2021 ",limited,1,0
230,99 ,69,/m/identifying_features,Identifying Features Sin Señas Particulares,2021,Scope(2.35:1),,Fernanda Valadez,Kino Lorber,Drama,Spanish,"Jack Zagha Kababie, Astrid Rondero, Fernanda Valadez, Yossy Zagha",,"Mar23,2021",1h35m,,"Astrid Rondero, Fernanda Valadez",95.0,"Jan22,2021 ",limited,1,0
231,100 ,44,/m/sabaya,Sabaya,2021,,,Hogir Hirori,,Documentary,Kurdish,"Hogir Hirori, Antonio Russo Merenda",,"Nov15,2021",1h30m,,Hogir Hirori,90.0,"Jul30,2021 ",limited,1,0
232,98 ,92,/m/julia_2021,Julia,2021,,370800.0,"Julie Cohen, Betsy West",Sony Pictures Classics,Documentary,English,"Sara Bernstein, Julie Cohen, Holly Siegel, Betsy West, Justin Wilkes",PG-13,,1h35m,,,95.0,"Nov12,2021 ",limited,0,0
233,100 ,43,/m/paper_spiders,Paper Spiders,2021,,,Inon Shampanier,Entertainment Squad,Drama,English,"Ash Christian, Anne Clements",PG,"Jun22,2021",1h50m,,Natalie Shampanier,110.0,"May7,2021 ",limited,1,0
234,100 ,42,/m/woodlands_dark_and_days_bewitched_a_history_of_folk_horror,Woodlands Dark and Days Bewitched: A History of Folk Horror,2021,,,Kier- La Janisse,,Documentary,Portuguese(Brazil),"Winnie Cheung, Kier- La Janisse",,"Oct26,2021",3h14m,,"Kier- La Janisse, Kier- La Janisse",194.0,,,1,
235,100 ,42,/m/hive,Hive,2021,,13800.0,Blerta Basholli,Zeitgeist Films,Drama,Albanian,"Valon Bajgora, Agon Uka, Yll Uka",,,1h24m,,Blerta Basholli,84.0,"Nov5,2021 ",limited,0,0
236,100 ,42,/m/the_woman_who_ran,The Woman Who Ran,2021,,,Hong Sang-soo,The Cinema Guild,Comedy,Korean,,,,1h17m,,Hong Sang-soo,77.0,"Jul9,2021 ",limited,0,0
237,100 ,41,/m/azor,Azor,2021,,53300.0,Andreas Fontana,M U B I,Mystery&thriller,French(France),"David Epiney, Eugenia Mumenthaler",,"Dec3,2021",1h40m,,Andreas Fontana,100.0,"Sep10,2021 ",limited,1,0
238,89 ,303,/m/the_green_knight,The Green Knight,2021,Flat(1.85:1),17000000.0,David Lowery,A24,Fantasy,English,"Tim Headington, Toby Halbrooks, James M. Johnston, Theresa Steele Page",R,"Aug19,2021",2h5m,Dolby Digital,David Lowery,125.0,"Jul30,2021 ",wide,1,1
239,96 ,130,/m/im_your_man_2021,I'm Your Man,2021,,274400.0,Maria Schrader,Bleecker Street,Comedy,German,Lisa Blumenberg,R,"Oct12,0201",1h45m,,"Jan Schomburg, Maria Schrader, Emma Braslavsky",105.0,"Sep24,2021 ",limited,1,0
240,96 ,125,/m/riders_of_justice,Riders of Justice,2021,,77000.0,Anders Thomas Jensen,,Mystery&thriller,Danish,"Sisse Graum Jørgensen, Sidsel Hybschmann",,"May21,2021",1h56m,,Anders Thomas Jensen,116.0,"May14,2021 ",limited,1,0
241,83 ,442,/m/dune_2021,Dune,2021,Scope(2.35:1),106900000.0,Denis Villeneuve,Warner Bros. Pictures,Sci-fi,English,"Denis Villeneuve, Mary Parent, Cale Boyter, Joseph Caracciolo Jr.",PG-13,"Oct22,2021",2h35m,"Dolby Atmos, Dolby Digital","Jon Spaihts, Denis Villeneuve, Eric Roth",155.0,"Oct22,2021 ",wide,1,1
242,91 ,243,/m/king_richard,King Richard,2021,Scope(2.35:1),14700000.0,Reinaldo Marcus Green,Warner Bros. Pictures,Biography,English,"Tim White, Trevor White, Will Smith",PG-13,"Nov19,2021",2h26m,Dolby Digital,Zach Baylin,146.0,"Nov19,2021 ",wide,1,1
243,97 ,90,/m/i_carry_you_with_me,I Carry You with Me,2021,,166000.0,Heidi Ewing,Sony Pictures Classics,Lgbtq+,Spanish,"Edher Campos, Heidi Ewing, Mynette Louie, Gabriela Maire",R,"Sep21,2021",1h51m,,Heidi Ewing,111.0,"Jun25,2021 ",limited,1,0
244,97 ,87,/m/language_lessons,Language Lessons,2021,,73300.0,Natalie Morales,S H O U T! S T U D I O S,Comedy,English,Mel Eslyn,,"Oct25,2021",1h31m,,"Mark Duplass, Natalie Morales",91.0,"Sep10,2021 ",limited,1,0
245,98 ,61,/m/the_paper_tigers,The Paper Tigers,2021,,112700.0,Quoc Bao Tran,Well Go U S A Entertainment,Sports&fitness,English,"Michael Velasquez, Yuji Okumoto, Al'n Duong, Dan Gildark, Quoc Bao Tran",PG-13,"May7,2021",1h48m,Dolby Digital,Quoc Bao Tran,108.0,"May7,2021 ",limited,1,0
246,94 ,155,/m/cmon_cmon,C'mon C'mon,2021,,1500000.0,Mike Mills,A24,Drama,English,"Andrea Longacre- White, Lila Yacoub, Chelsea Barnard",R,"Dec23,2021",1h48m,Dolby Digital,Mike Mills,108.0,"Nov19,2021 ",limited,1,0
247,98 ,55,/m/wheel_of_fortune_and_fantasy,Wheel of Fortune and Fantasy,2021,,,Ryûsuke Hamaguchi,Film Movement,Drama,Japanese,", Satoshi Takata",,,2h1m,,Ryûsuke Hamaguchi,121.0,"Oct15,2021 ",limited,0,0
248,98 ,53,/m/becoming_cousteau,Becoming Cousteau Cousteau,2021,Flat(1.85:1),230500.0,Liz Garbus,Picturehouse,Documentary,English,"Mridu Chandra, Dan Cogan, Liz Garbus, Evan Hayes",PG-13,"Nov24,2021",1h33m,Dolby Digital,"Mark Monroe, Pax Wassermann, Mark Monroe, Pax Wassermann",93.0,"Oct22,2021 ",limited,1,0
249,84 ,394,/m/no_time_to_die_2021,No Time To Die,2021,Scope(2.35:1),160500000.0,Cary Joji Fukunaga,Metro- Goldwyn- Mayer,Mystery&thriller,English,"Michael G. Wilson, Barbara Broccoli",PG-13,"Nov9,2021",2h43m,"Dolby Digital, Dolby Atmos","Neal Purvis, Robert Wade, Cary Joji Fukunaga, Phoebe Waller- Bridge, Scott Z. Burns",163.0,"Oct8,2021 ",wide,1,1
250,97 ,76,/m/the_lost_leonardo,The Lost Leonardo,2021,,445300.0,Andreas Koefoed,Sony Pictures Classics,Documentary,English,"Andreas Møl Dalsgaard, Christoph Jörg",PG-13,"Nov15,2021",1h30m,,"Andreas Koefoed, Duska Zagorac, Andreas Møl Dalsgaard, Mark Monroe, Christian Kirk Muff, Andreas Koefoed",90.0,"Aug13,2021 ",limited,1,0
251,96 ,100,/m/billie_eilish_the_worlds_a_little_blurry,Billie Eilish: The World's a Little Blurry,2021,,,R. J. Cutler,N E O N,Documentary,English,"R. J. Cutler, Trevor Smith",R,"Feb26,2021",2h21m,,,141.0,"Feb26,2021 ",limited,1,0
252,96 ,99,/m/petite_maman,Petite Maman,2021,,,Céline Sciamma,,Drama,French(France),Bénédicte Couvreur,,,1h12m,,"Céline Sciamma, Céline Sciamma",72.0,,,0,
253,98 ,48,/m/my_heart_cant_beat_unless_you_tell_it_to,My Heart Can't Beat Unless You Tell It To,2021,,,Jonathan Cuartas,Dark Sky Films,Horror,English,"Jesse R. Brown, Patrick Fugit, Anthony Pedone, Ian Peterson, Kenny Riches",,"Jun25,2021",1h30m,,Jonathan Cuartas,90.0,"Jun25,2021 ",limited,1,0
254,98 ,48,/m/hope_2021,Hope Håp,2021,Scope(2.35:1),,Maria Sødahl,Kim Stim,Drama,Norwegian,"Thomas Robsahm, Yngve Sæther",,,2h6m,,Maria Sødahl,126.0,"Apr16,2021 ",limited,0,0
255,95 ,122,/m/the_lost_daughter,The Lost Daughter,2021,,,Maggie Gyllenhaal,Netflix,Drama,English,"Charlie Dorfman, Maggie Gyllenhaal, Osnat Handelsman- Keren, Talia Kleinhendler",R,"Dec31,2021",2h2m,Dolby Digital,Maggie Gyllenhaal,122.0,"Dec31,2021 ",limited,1,0
256,98 ,47,/m/demon_slayer_kimetsu_no_yaiba_the_movie_mugen_train,Demon Slayer -Kimetsu no Yaiba- The Movie: Mugen Train,2021,,,Haruo Sotozaki,Funimation,Anime,Japanese,,R,"Jun22,2021",1h57m,Dolby Digital,,117.0,"Apr23,2021 ",wide,1,1
257,98 ,46,/m/attica_2021,Attica,2021,,,"Stanley Nelson, Traci Curry",Showtime Documentary Films,Documentary,,"Stanley Nelson, Traci Curry",,"Nov6,2021",1h56m,,Stanley Nelson,116.0,"Oct29,2021 ",limited,1,0
258,98 ,44,/m/days_2021,Days Rizi,2021,,,Ming-liang Tsai,Grasshopper Film,Documentary,Chinese,Claude Wang,,"Dec11,2021",2h0m,,Ming-liang Tsai,120.0,"Aug13,2021 ",limited,1,0
259,98 ,43,/m/boiling_point_2021,Boiling Point,2021,Scope(2.35:1),,Philip Barantini,Saban Films,Drama,English,"Hester Ruoff, Bart Ruspoli",R,"Nov23,2021",1h32m,,"Philip Barantini, James Cummings",92.0,"Nov19,2021 ",limited,1,0
260,98 ,43,/m/7_prisoners,7 Prisoners 7 prisioneiros,2021,,,Alexandre Moratto,Netflix,Drama,Portuguese(Brazil),"Ramin Bahrani, Andrea Barata Ribeiro, Fernando Meirelles, Alexandre Moratto",R,"Nov11,2021",1h33m,,"Alexandre Moratto, Thayná Mantesso",93.0,"Nov5,2021 ",limited,1,0
261,98 ,42,/m/playing_with_sharks,Playing with Sharks,2021,,,Sally Aitken,,Documentary,English,Bettina Dalton,,"Jul23,2021",1h35m,,Sally Aitken,95.0,,,1,
262,98 ,42,/m/drunk_bus,Drunk Bus,2021,,,"John Carlucci, Brandon La Ganke",Film Rise,Comedy,English,"Eric Hollenbeck, Steven Ilous, Grant Fitch",,"May21,2021",1h20m,,Chris Molinaro,80.0,"May21,2021 ",limited,1,0
263,96 ,90,/m/the_rescue_2021,The Rescue,2021,,,"Elizabeth Chai Vasarhelyi, Jimmy Chin",Greenwich Entertainment,Documentary,English,"John Battsek, Jimmy Chin, Bob Eisenhardt, P. J.van Sandwijk, Elizabeth Chai Vasarhelyi",PG,"Dec3,2021",1h47m,Dolby Digital,,107.0,"Oct8,2021 ",limited,1,0
264,95 ,109,/m/rita_moreno_just_a_girl_who_decided_to_go_for_it,Rita Moreno: Just a Girl Who Decided to Go For It,2021,,263200.0,Mariem Pérez Riera,Roadside Attractions,Documentary,English,"Brent Miller, Mariem Pérez Riera,",PG-13,"Jul16,2021",1h30m,Stereo,,90.0,"Jun18,2021 ",limited,1,0
265,97 ,58,/m/the_reason_i_jump,The Reason I Jump,2021,,,Jerry Rothwell,Kino Lorber,Documentary,English,"Jeremy Dear, Stevie Lee, Al Morrow",,"May9,2021",1h22m,,Naoki Higashida,82.0,"Jan8,2021 ",limited,1,0
266,90 ,226,/m/passing_2021,Passing,2021,,,Rebecca Hall,Netflix,Drama,English,"Nina Yang Bongiovi, Rebecca Hall, Margot Hand, Forest Whitaker",PG-13,"Nov10,2021",1h38m,,Rebecca Hall,98.0,"Oct27,2021 ",limited,1,0
267,96 ,68,/m/stray_2021,Stray,2021,,13000.0,Elizabeth Lo,Magnolia Pictures,Documentary,Chinese,"Elizabeth Lo, Shane Boris",,"Mar5,2021",1h13m,,Elizabeth Lo,73.0,"Mar5,2021 ",limited,1,0
268,95 ,91,/m/street_gang_how_we_got_to_sesame_street,Street Gang: How We Got to Sesame Street,2021,Scope(2.35:1),,Marilyn Agrelo,Screen Media Films,Documentary,English,"Trevor Crafts, Ellen Scherer Crafts, Lisa Diamond",PG,"May13,2021",1h47m,,,107.0,"Apr23,2021 ",limited,1,0
269,93 ,136,/m/herself,Herself,2021,Scope(2.35:1),,Phyllida Lloyd,Amazon Studios,Drama,English(UnitedKingdom),"Rory Gilmartin, Ed Guiney, Sharon Horgan",R,"Jan8,2021",1h37m,,"Malcolm Campbell, Clare Dunne",97.0,"Dec30,2020 ",limited,1,0
270,96 ,53,/m/test_pattern,Test Pattern,2021,Flat(1.85:1),,Shatara Michelle Ford,Kino Lorber,Drama,English,"Shatara Michelle Ford, Pin- Chun Liu, Yu- Hao Su",,"Mar29,2021",1h22m,,Shatara Michelle Ford,82.0,"Feb12,2021 ",limited,1,0
271,96 ,52,/m/the_novice_2021,The Novice,2021,,12300.0,Lauren Hadaway,I F C Films,Mystery&thriller,English,"Ryan Hawkins, Kari Hollend, Steven Sims, Zack Zucker",R,"Dec17,2021",1h34m,,Lauren Hadaway,94.0,"Dec17,2021 ",limited,1,0
272,96 ,52,/m/in_the_same_breath,In the Same Breath,2021,,,Nanfu Wang,,Documentary,English,"Christopher Clements, Carolyn Hepburn, Sara Rodriguez, Nanfu Wang, Jialing Zhang",,"Aug18,2021",1h40m,,,100.0,,,1,
273,96 ,51,/m/plan_b_2021,Plan B,2021,,,Natalie Morales,,Comedy,English,"Ryan Bennett, Jeremy Garelick, Josh Heald, Dina Hillier, Jon Hurwitz, Mickey Liddell, Matt Lottman, Will Phelps, Hayden Schlossberg, Pete Shilaimon",,"May28,2021",1h48m,,"Joshua Levy, Prathiksha Srinivasan",108.0,,,1,
274,94 ,97,/m/the_souvenir_part_ii,The Souvenir: Part II,2021,,26000.0,Joanna Hogg,A24,Drama,English,"Ed Guiney, Joanna Hogg, Andrew Lowe, Emma Norton, Luke Schiller",R,,1h46m,,Joanna Hogg,106.0,"Oct29,2021 ",limited,0,0
275,93 ,118,/m/val,Val,2021,,,"Ting Poo, Leo Scott",Amazon Studios,Documentary,English,"Ali Alborzi, Andrew Fried, Val Kilmer, Brad Koepenick, Dane Lillegard, Ting Poo, Leo Scott, Jordan Wynn",R,"Aug6,2021",1h49m,,,109.0,"Jul23,2021 ",limited,1,0
276,92 ,146,/m/licorice_pizza,Licorice Pizza,2021,Scope(2.35:1),1300000.0,Paul Thomas Anderson,Metro- Goldwyn- Mayer,Drama,English,"Sara Murphy, Adam Somner, Paul Thomas Anderson",R,,2h13m,Dolby Digital,Paul Thomas Anderson,133.0,"Nov26,2021 ",limited,0,0
277,88 ,233,/m/zola,Zola,2021,Flat(1.85:1),,Janicza Bravo,A24,Mystery&thriller,English,"Christine Vachon, David Hinojosa, Gia Walsh, Kara Baker, Vince Jolivette, Elizabeth Haggard, Dave Franco",R,"Sep14,2021",1h27m,,"Janicza Bravo, Jeremy O. Harris",87.0,"Jun30,2021 ",wide,1,1
278,95 ,60,/m/rose_plays_julie,Rose Plays Julie,2021,,,"Joe Lawlor, Christine Molloy",Film Movement,Drama,English(UnitedKingdom),"David Collins, Joe Lawlor, Christine Molloy",,"Mar19,2021",1h40m,,"Joe Lawlor, Christine Molloy",100.0,"Mar19,2021 ",limited,1,0
279,95 ,58,/m/lapsis,Lapsis,2021,Scope(2.35:1),,Noah Hutton,Film Movement,Mystery&thriller,English,"Taylor Hess, Jesse Miller, Joseph Varca",,"Feb12,2021",1h44m,,Noah Hutton,104.0,"Feb12,2021 ",limited,1,0
280,95 ,55,/m/dear_comrades,Dear Comrades!,2021,,,Andrey Konchalovskiy,N E O N,History,Russian,Alisher Usmanov,,"Feb5,2021",2h0m,Dolby Digital,"Elena Kiseleva, Andrey Konchalovskiy",120.0,"Jan29,2021 ",limited,1,0
281,94 ,78,/m/the_beta_test,The Beta Test,2021,,30200.0,"Jim Cummings, P J Mc Cabe",I F C Films,Mystery&thriller,English,"Natalie Metzger, Matthew Miller, Benjamin Wiessner",,"Nov5,2021",1h34m,,"Jim Cummings, P J Mc Cabe",94.0,"Nov5,2021 ",limited,1,0
282,84 ,321,/m/candyman_2021,Candyman,2021,Scope(2.35:1),61200000.0,Nia Da Costa,Universal Pictures,Mystery&thriller,English,"Ian Cooper, Win Rosenfeld, Jordan Peele",R,"Sep16,2021",1h31m,Dolby Atmos,"Jordan Peele, Win Rosenfeld, Nia Da Costa",91.0,"Aug27,2021 ",wide,1,1
283,93 ,100,/m/mogul_mowgli,Mogul Mowgli,2021,,52100.0,Bassam Tariq,Strand Releasing,Drama,English,"Riz Ahmed, Thomas Benski, Bennett Mc Ghee, Michael Peay",,"Nov10,2021",1h30m,,"Bassam Tariq, Riz Ahmed",90.0,"Sep3,2021 ",limited,1,0
284,89 ,197,/m/supernova_2021,Supernova,2021,Flat(1.85:1),232300.0,Harry Macqueen,Bleecker Street,Lgbtq+,English,"Tristan Goligher, Emily Morgan",R,"Feb16,2021",1h33m,,Harry Macqueen,93.0,"Jan29,2021 ",limited,1,0
285,93 ,98,/m/the_killing_of_two_lovers,The Killing of Two Lovers,2021,,71200.0,Robert Machoian,N E O N,Drama,English,"Melia Leidenthal, Scott Christopherson",R,"May14,2021",1h25m,,Robert Machoian,85.0,"May14,2021 ",limited,1,0
286,79 ,438,/m/black_widow_2021,Black Widow,2021,Scope(2.35:1),183600000.0,Cate Shortland,Walt Disney,Adventure,English,Kevin Feige,PG-13,"Oct6,2021",2h13m,"Dolby Digital, Dolby Atmos",Eric Pearson,133.0,"Jul9,2021 ",wide,1,1
287,92 ,119,/m/limbo_2021,Limbo,2021,,,Ben Sharrock,Focus Features,Comedy,English,"Irune Gurtubai, Angus Lamont",R,"Jun29,2021",1h43m,,Ben Sharrock,103.0,"Apr30,2021 ",limited,1,0
288,90 ,167,/m/encanto_2021,Encanto,2021,Flat(1.85:1),81500000.0,"Jared Bush, Byron Howard",Walt Disney,Comedy,English,"Yvett Merino Flores, Clark Spencer",PG,"Dec24,2021",1h39m,"D T S, Dolby Atmos, Dolby Digital","Charise Castro Smith, Jared Bush",99.0,"Nov24,2021 ",wide,1,1
289,91 ,142,/m/roadrunner_a_film_about_anthony_bourdain,Roadrunner: A Film About Anthony Bourdain,2021,,5200000.0,Morgan Neville,Focus Features,Documentary,English,"Morgan Neville, Caitrin Rogers",R,"Sep28,2021",1h59m,Dolby Digital,,119.0,"Jul16,2021 ",wide,1,1
290,95 ,40,/m/el_planeta,El Planeta,2021,,,Amalia Ulman,Utopia,Comedy,Spanish,"Kathleen Heffernan, Kweku Mandela, Amalia Ulman",,,1h19m,,Amalia Ulman,79.0,"Sep24,2021 ",limited,0,0
291,94 ,63,/m/old_henry,Old Henry,2021,,42100.0,Potsy Ponciroli,S H O U T! S T U D I O S,Western,English,"Michael Hagerty, Shannon Houchins",,"Oct8,2021",1h39m,,Potsy Ponciroli,99.0,"Oct1,2021 ",limited,1,0
292,93 ,84,/m/some_kind_of_heaven,Some Kind of Heaven,2021,,43500.0,Lance Oppenheim,Magnolia Pictures,Documentary,English,"Darren Aronofsky, Simon Horsman, Kathleen Lingo, Lance Oppenheim, Melissa Oppenheim, Jeffrey Soros, Pacho Velez",,"Jan15,2021",1h23m,,,83.0,"Jan15,2021 ",limited,1,0
293,92 ,105,/m/the_humans,The Humans,2021,Flat(1.85:1),,Stephen Karam,A24,Comedy,English,"Stephen Karam, Louise Lovegrove",R,"Nov24,2021",1h48m,,Stephen Karam,108.0,"Nov24,2021 ",limited,1,0
294,94 ,49,/m/never_gonna_snow_again,Never Gonna Snow Again,2021,Scope(2.35:1),15300.0,Małgorzata Szumowska,Kino Lorber,Comedy,Polish,"Michal Englert, Viola Fügen, Małgorzata Szumowska, Agnieszka Wasiak, Michael Weber, Mariusz Wlodarski",,"Jul30,2021",1h53m,,"Małgorzata Szumowska, Michal Englert",113.0,"Jul30,2021 ",limited,1,0
295,93 ,72,/m/swan_song_2021,Swan Song,2021,Flat(1.85:1),125000.0,Todd Stephens,Magnolia Pictures,Lgbtq+,English,"Todd Stephens, Eric Eisenbrey, Tim Kaltenecker, Stephen Israel, Rhet Topham",,"Aug13,2021",1h45m,,Todd Stephens,105.0,"Aug6,2021 ",limited,1,0
296,90 ,144,/m/together_together,Together Together,2021,,1400000.0,Nikole Beckwith,Bleecker Street Media,Drama,English,"Daniela Taplin Lundberg, Anthony Brandonisio, Tim Headington",R,"Apr26,2021",1h30m,,Nikole Beckwith,90.0,"Apr23,2021 ",wide,1,1
297,93 ,69,/m/final_account,Final Account,2021,Flat(1.85:1),276000.0,Luke Holland,Focus Features,Documentary,German,"Luke Holland, John Battsek, Rieta Oord",PG-13,"Jul6,2021",1h34m,,,94.0,"May21,2021 ",limited,1,0
298,85 ,262,/m/the_last_duel_2021,The Last Duel,2021,Scope(2.35:1),10800000.0,Ridley Scott,20th Century Studios,History,English,"Ridley Scott, Kevin J. Walsh, Jennifer Fox, Nicole Holofcener",R,"Nov30,2021",2h33m,Dolby Atmos,"Nicole Holofcener, Ben Affleck, Matt Damon",153.0,"Oct15,2021 ",wide,1,1
